evaluation,label
33大招加码稳增长，重要信号落地，A股正迎来前所未有,1.0
哈哈，等待花开时,1.0
为什么呢不尊重多数人的意见／仍,2.0
为什么呢不尊重多数人的意见／仍,2.0
想不明白啦：a股里还有比这票市,2.0
不要老想着分红了，今天的山煤国,2.0
三毛控[赞]每天两三毛钱能玩一天,2.0
老户股价己涨N倍，又看好末来不肯卖，所以想高分红，,2.0
负面情绪越来越严重，盘面看起来,2.0
服了你个老6,2.0
我们亏的是钱，有人折的是寿,2.0
北上资金在买天天跌,2.0
明天开始做T,1.0
全市场最拉几的票，最小气的主力！连个过节费都舍不得,2.0
海狗的走势,2.0
每一个在海控这里亏钱的，对海控不满的！可以去投诉中,2.0
压的太久，爆发越强。阳光，总在,1.0
让你给我添堵,2.0
扶稳站好，静侯升梯,1.0
昨天收盘后就说了，反对票起码有,2.0
找不到形容词骂这垃圾了，大家帮,2.0
这几天是占大盘的光，下周大盘回,1.0
中远海控真让人颠覆三观,2.0
垃圾股，吃垃圾长大的,2.0
我开始怀念你昨天暴涨2分的日子,1.0
这个大,1.0
累了。,2.0
感恩市场给的节日礼包，祝大家端午节安康！,1.0
衰股,2.0
不听人劝，亏死你们这些价值投资客去[傲],2.0
虾米互咬结束了没？,2.0
很难过只能卖这个垃圾股了，下跌,2.0
最烦织布机！载在张铭文手里了！,2.0
每天射一秒之后就全天了,2.0
晦气，买了你这个垃圾,2.0
坚守如山！[龙头股][庄家护盘][准备发射][一把梭][牛,1.0
海狗就是鸡肋，食之无味弃之可惜[好困惑],2.0
废股,2.0
万绿毛,2.0
下周出了，一年了～,2.0
有这样的董秘，亏钱了也舒服,1.0
成了大型织布机。,2.0
一分二分搞什么,2.0
暗潮涌动,2.0
所在板块都是红的就你绿的什么东,2.0
所在板块都是红的就你绿的什么东,2.0
散户的策略太简单了，只要有鸭蛋，肯定只卖不买…散户,2.0
中国国企净利王海控日成交量换手率还低过东方财富，股,2.0
为了再多收一点便宜货，继续买再大单打压，这是庄家的,2.0
跌不下来,1.0
中远海控毁了几百万个家庭[捂脸],2.0
主要是不甘心的小散太多了，涨不,2.0
人气下来了,2.0
为保证自己的身心健康，请远离垃,2.0
和大盘走势刚好相反，大盘先绿后,2.0
要向下了，这次不想下那就是真的主升浪开始,2.0
看着烦心啊！心累,2.0
涨涨涨价了,1.0
主力辛苦了，每天出货挺累,2.0
散户太差劲了，没人买,2.0
4月7日，14时14分59秒，难忘的时,1.0
4月7日，14时14分59秒，难忘的时,1.0
一阴破三线，下周看到13,2.0
这就是所谓的大盘股,2.0
你个垃圾,2.0
苟海公司等天收,2.0
净利1000多亿，什么是中国公民投资回报的权益，问海控,2.0
市值超过千亿的股不要买，太垃圾,2.0
黄金k,1.0
这个倒霉催的海狗，谁买谁倒霉，,2.0
一群韭菜花越抱怨越不会涨的,2.0
不知国家政策，完全瞎搞,2.0
这种半死不活，浪费时间。,2.0
就是不涨，散户无果,2.0
中远海控面临向上突破！,1.0
放心吧，小散坚持下去，它不会涨,2.0
散户拉不起一支股，却可以搞垮一,2.0
猪力去买垃圾股，不然,2.0
谁都救不了海狗啊,2.0
在垃圾市场遇上了垃圾股,2.0
这票为什么要跌？,2.0
垃圾货。,2.0
船运重大利好！！重磅发布，明天,1.0
差不多再砸个黄金坑你懂的,1.0
航运港口板块已创新高。[捂脸][,1.0
不涨点，端午节怎么去消费,2.0
死叉,2.0
已经死叉了。,2.0
再见，以后有机会再把亏得钱赚回,2.0
15.5埋伏，能否起飞看天意了,1.0
我们可能买了一个假海运股票,2.0
两天的涨幅一天就跌没了[憨笑],2.0
垃圾股，海控，早就走了不输不赢。,2.0
这股票盘子太大，回购也没用，上不去，拉高就跑。,2.0
15.18已满仓梭哈,1.0
你是不是要退市了,2.0
韭菜们已经不错了，没有大跌，继,1.0
真垃圾，不像盈利200多亿，倒像亏损200多亿,2.0
好了，持仓105天，亏了十五万，我走了，你可以涨了；,2.0
这么多人在骂万种，不知道他晚上做不做恶梦,2.0
大盘涨你在跌，大盘跌你在跌，板块涨你在跌，板块跌你,2.0
对中远海控无法用言语形容，大A盈利的佼佼者，市值管,2.0
再也买不到这样投资投机两相宜的股了！纠结于分红，踏,1.0
中远海控暴跌模式开始了，这次调整13元以下将创出新低,2.0
港口运输有所下滑，大家不看新闻,2.0
该来的总归会来,1.0
下午必破15，,2.0
啊散户难啊万挂了,2.0
自选股倒数第一,2.0
机构对管理层的愤怒，连续几天砸盘,2.0
儿子海外，这是要疯了吗[捂脸],2.0
假装10日线企稳，再骗一堆散户进来,2.0
看着碍眼,2.0
刚买的这个股票，请问下，这个股票是垃圾股吗,2.0
要砸跌停啊？垃圾,2.0
股票反映的是预期，股价已经翻了,1.0
效益好，就是不涨，你们不是看好,2.0
扶不起的阿斗,2.0
反弹失败，估计要向下了,2.0
迟早有大雷爆出，大资金和机构都是先知先觉聪明的，这,2.0
好好的股票被万绿龟搞成了垃圾,2.0
恶心真TM的恶心,2.0
现在大盘正，若没有大庄的打压，中远海控不可能负，老,1.0
必破15,2.0
真恶心,2.0
希望帮到大家,1.0
知道什么是垃圾股,2.0
有一说一：中远海控，如何是从龙变成虫的。,2.0
，恶心,2.0
哈哈，全仓新能源发家致富[大笑][大笑][大笑],1.0
出去一个月差不多回本了，回来看看，哎，还是这个吊样,2.0
海控今天收盘能在15元以上，海控,1.0
唉！人都不想做了！[大哭],2.0
卖了均胜电子买了你，我真是绝了,2.0
小票跌你跟，小票涨你不跟，学习下茅台 随便同流合污,2.0
不要脸的海控,2.0
这股有什么大病没看懂,2.0
版块大涨你不跟，版块回调跟得死死的,2.0
真的非常非常想骂人,2.0
必须破15今天,2.0
太稳了,1.0
天天新高气死你们韭菜们,2.0
做一次领头羊 我就给你筹码了  还在装啊,2.0
海控持现金2362亿不为净利1000亿国企市值保值增值护航,2.0
老万：敢骂我？把前面增持的股卖出去！让股价再落体一,2.0
做空的筹码差不多了，主要是一些,1.0
这种垃圾票拿来干嘛？,2.0
一涨下杀不比现在洗盘快[为什么],2.0
中远海控价值2元的股票，现在15元，泡沫巨大可想而知,2.0
我天天盯盘就是来见证你是如何跌跌不休，你就是这样回,2.0
一直在我的成本线徘徊，等我卖了估计就涨了,2.0
越来越觉得这股票有诈,2.0
业绩好股价下跌，Ａ股特性,2.0
必须破15,2.0
隔岸观火,2.0
不过也好，让那些投机客滚蛋。,2.0
嘛的，涨的时候不跟，跌的时候，,2.0
不玩了内部搞搞清爽再来,2.0
“砸”就能拣到便宜，不一定！有行市也有比市。,2.0
最大的特点就是只下不上,2.0
这货逢高卖出永远没有错,1.0
全仓海控了！,1.0
废物,2.0
今天有望一块以内,2.0
海控不涨，主要是里面几个大散T狗，T来T去，大庄都不,2.0
衰股,2.0
垃圾股，板块涨你不涨，板块跌你,2.0
15不卖的真啥瓜,2.0
终究是扛不住压力。,2.0
哈哈哈，暴跌，今天,2.0
这货，太无语啦？？？～～～～,2.0
中远海控啥也不是，港股才是他大哥，这都是领导有才。,2.0
学学你儿子吧！不争气的东西！,2.0
今天可以不看了,2.0
竞价万手都不到，废了,2.0
跌停板,2.0
买入[加油][鼓掌][大笑][大笑],1.0
希望今天涨停，挣个粽子钱，好过个端午节,1.0
大盘顶着左侧压力依旧走上升趋势，目前来说没有明显的,1.0
2000多亿市值 开盘都上下跳动，这个猪力太几把菜了,2.0
今天冲击涨停板，补涨一波行情 下周可能就要开始调整,2.0
利润利润分配方案通过了，股价反而跌，这不是打脸。,2.0
赌一把 跳空高开,1.0
近期二次板块大涨，这货都是垫底,2.0
一边停航，一边港口吞吐量同比增,2.0
从资金面来讲，内资不停的跑，北,2.0
强调理由没有用，我只看港口水运整体表。,2.0
港口水远，金叉，你死叉。大股东决定的利润分配方案，,2.0
中远海控就这样堕落下去。,2.0
大涨,1.0
长江电力历史新高，海狗还在寻底[怒],2.0
过气的龙头不如狗，海狗如此九安,2.0
分红后除权，就是一分钱没分到，还得交税，太不合理了,2.0
中遠股價啥時回到20以上啊,2.0
涨也骂，跌也骂，股市真的会使人,2.0
明天基建吃肉，海控大跌,2.0
分红后马上除息，其实一分钱没有分到，孙子们说这样公,2.0
上涨回跌，上涨下跌，什么逻辑，,2.0
虽说是我今早上出了，但是我坚持,1.0
我也不想骂这垃圾了，今天卖了一,2.0
发出的公告怎么不见了？,2.0
握草！居然又双叒叕怒重了4分钱，跑赢了不少ST股，这,2.0
鉴于中远海控管理层计划近期将上市公司亏损几百亿元，,2.0
港股马上超这个垃圾了,2.0
中远海控为什么走成这熊样？看空,2.0
北向开砸了xdm，好自为之吧,2.0
我割还不行吗？你可以涨了,2.0
'没人买，没人炒'，六个字总结,2.0
昨天两分，今天四分，明天是六分还是八分？[呲牙]真熬,2.0
海控管理层有无反省过市场会追捧净利千亿企业市值反爆,2.0
去年是海控。今年是海能。。别无选择,2.0
周线金叉时候做中长线耐心持有一个二十厘米跑不了,1.0
节前，完成交接。,1.0
猜对行业买错股，没办法,2.0
阿斗!!!,2.0
未分利润每股7.00元到哪去了，请,2.0
垃圾,2.0
怒涨四分,1.0
连板块都创新高了，这垃圾还在原,2.0
中远海能亏损的，今天又涨停，海控呢,2.0
6.1 新的一个月开始了，祝大家都开门红，也祝大朋友小,1.0
过气的龙头不如狗,2.0
感觉海控在憋大招，哈哈,1.0
明天节前最后一天，按照惯例，可能又会有个大拉升！,1.0
早说了买海能，哎，韭菜就喜欢追,2.0
全是空头，没有多头！板块都飞了还能走成这样也是绝了,2.0
板块连续大涨，海控连续出货，配,2.0
万劫不复万劫不复万劫不复万劫不,2.0
臭名远扬。,2.0
明天补涨,1.0
一起读，垃圾货。,2.0
内耗玩死所有的持有者,2.0
明天就刺激了，直接跳空低开低走，14.7见,2.0
"弱G3分走一天,就是不給漲",2.0
压盘太厉害,2.0
海能涨停了你这个垃圾,2.0
板块大涨，它只涨了一个寂寞,2.0
举报万敏,2.0
周四暴跌，哈哈,2.0
明天大盘冲击3200 祝大家发大财,1.0
可以涨了,1.0
明天补缺口14.7哈哈,1.0
海控你个弱鸡，你看看你兄弟还能,2.0
垃圾桶,2.0
就是垃圾,2.0
同一个父母生的，为何厚此薄彼?,2.0
同一个父母生的，为何厚此薄彼?,2.0
60日线就是个坎。,2.0
海特海能海发，哪个个都比你这个,2.0
大盘逆子给我冲冲冲冲！！！,1.0
其他都新高了这怎么了啊,2.0
这就是一个不要的脸的公司,2.0
一天2分一天2分，就这了,2.0
中远海运被主力抛弃了吗？,2.0
垃圾垃圾垃圾股,2.0
中远海能快赶上中远海控了，中远海控的春天还远吗，有,1.0
垃圾,2.0
这帮Cs脸都不要了，哦，根本就没脸,2.0
什么玩意搞什么,2.0
这个股你不服不行啊！,1.0
卖了粤桂买了你唉粤桂涨停了后悔,2.0
大涨的前奏,1.0
央企国企的股票碰不得[囧],2.0
反对票减仓中，时间漫长,2.0
声明：虚构,2.0
倒数第一是你的位置。,2.0
倒牌子，海运股板块走强，你却是倒数第二,2.0
不信明天别后悔,2.0
怎么感觉人家领导无所谓了，股价,2.0
早上反弹一波人气竟然飙升,1.0
海发要起飞了,1.0
我这个大儿童准备又回来了[大笑],1.0
够意思[想一下],1.0
废股,2.0
庄家跑了跑了跑了,2.0
最可恨这种公司，你说你关起门来称王称霸也就算了。既,2.0
快跑快跑快跑要跌了,2.0
走的真是够za的,2.0
买中远就为了回本，这个万敏,2.0
外盘指数涨，大A，暴跌，外盘跌,2.0
最懒董秘,2.0
再熬一个月，没有情况就走了,2.0
无所谓了，涨也不过也就是控制在,2.0
我清仓了你可以拉了,2.0
你以为他不涨， 就不要认为他不会跌,2.0
别卖，卖了就是韭菜,2.0
下周13.2，随便买，急啥啊，散户们,2.0
大盘涨不跟涨，大盘跌你跟爹，悲,2.0
呦，绿了耶，绿了耶,2.0
卧槽卧槽卧槽！又平盘了。。,2.0
国企高管伙團操控国企净利增长反股值市值爆跌剥夺股东,2.0
别装了绿龟,2.0
万gou,2.0
学学你爹东方海外,2.0
中远海能：海特：海发：海控4兄弟，就你最垃圾,2.0
航运港口板块略涨很大关系在于上海解封，有资金看好，,1.0
頁狗,2.0
乐色万,2.0
他为什么不动1、没庄、资金天天在流出2、没人玩他，看,2.0
万敏你真是一泡粑粑,2.0
绿了又如何，习惯了,2.0
今天不绿，说事故，可惜了,2.0
海控净利累积1362亿 股值市值被高管败家爆跌40%不能享,2.0
坑爹股，垃圾股，其它海运涨飞了,2.0
业绩最好涨幅垫底,2.0
买入[鼓掌][加油][鼓掌][大笑],1.0
什么原因海狗排名倒数,2.0
又要绿了么,2.0
投票就是暴露了散户太多这个事实,2.0
死垃圾,2.0
小气,2.0
真奇葩，其他海运股，都涨得离谱,2.0
港股都踏上均线了，A股海控还装模做样被60日线压着,2.0
散户：板块涨业绩好，主力你看不见吗？主力：股价爆涨,2.0
最佳董秘投票啦！每人每天可以投,2.0
高点一次比一次低,2.0
确实被炒过一遍的股短时间很难有,2.0
海控近期再也不会有从3块到33块的行情了[大笑],2.0
每股分红0.87元排在沪深股市中是190名中但，股价排在,2.0
希望下午来个大跌5个点，整个海,2.0
已跑，可以涨了！,2.0
这么有钱退市算了,2.0
这几天盘面明显有资金刻意压制海控股价，肯定不是出货,2.0
可以大胆融券了[得意],1.0
还有韭菜在幻想了，不服不行，骂,2.0
落魄的龙头不如鸡，现在海能是龙,2.0
垃圾就是垃圾,2.0
中远海控股票每天涨幅榜排第一，不过是倒数第一！厉害,2.0
经过这么一闹，现在全世界都知道,2.0
持续盈利，股价不可持续？,2.0
整个班级，总他倒数，拖后腿。。。。。,2.0
气死人的中远海控A股，拖了H股,2.0
猪在打压海狗[怒],2.0
走了走了,2.0
又是板块垫底，这个老狗,2.0
笑话,2.0
耻辱啊,2.0
说句实话 被老外低位买了 主力有点不甘心,2.0
中远系重祖。,1.0
兄弟们扛住扛住，最后一波下跌，,1.0
没什么可说的，还是一如既往的不如港股，看来实际控制,2.0
你有本事可以绿了,2.0
真心奉劝各位散户不要进来，进来,2.0
港股快超越你了,2.0
港股涨板块涨这个疯狂出货,2.0
笑话,2.0
拉高出货[大笑][大笑][大笑],2.0
抄底行么,2.0
平本跑了，留下几手，看看能到多,2.0
这个股真的有主力吗,2.0
14.27买的，不知道为什么板块那么好，它却一直出货,2.0
放心，百分百大绿下午,2.0
真的垃圾,2.0
说不定海狗今天下收绿,2.0
海控是托了东方海外的福，东方大涨，带了带海控，要不,2.0
哪位是股市卧龙？一卖就涨的那种,2.0
涨起来啊啊啊啊,1.0
东方海外牛逼,1.0
哈哈哈，一拉就大单出货，全是散户接盘,2.0
装死这么久啦，其它航运股涨疯了,2.0
又是散户再拉,2.0
看看股吧就知道下午能买了,1.0
真不要脸,2.0
今天又为打压股指立下汗马功劳。,1.0
航运界的耻辱啊,2.0
中远海控，继续你无敌垃圾的表演，H股的股价很快倒挂,2.0
遇担保赶紧跑，撤！12左右再进！,2.0
真TM的恶心,2.0
玩呢,2.0
真的好恶心,2.0
股一点活路都不给,2.0
大垃圾,2.0
跌破超短压力，今天看到15.1,2.0
一定要补缺口14.7,1.0
这货也太不争气了。。,2.0
垃圾飞天，绩优股 下地狱，板块下来 我不相信你不跌,2.0
也要调整几天,2.0
未来航运的茅台,1.0
垃圾，退市吧,2.0
下来吧，垃圾,2.0
又是倒数？,2.0
万敏啊有人你不做,2.0
这两天巴普洛夫出没[旺柴][旺柴],1.0
持股一年，体验差到极点。啥都不,2.0
T狗太多,2.0
明显没什么阻力也不拉，还滚动做,2.0
今天板块大涨，又被这个拖下来跳水了,2.0
废物东西,2.0
港股中远海控马上要超过A股股价,2.0
上海解封了，这对海控而言就是天,1.0
放心马上又板块倒数第一了，这是,2.0
垃圾货,2.0
来到中远海控几天了，天天做t爽,2.0
整个股市的跳水冠军，非你莫属,2.0
好久没涨停了,2.0
15.6不跑的，下午绿色收盘,2.0
骂怕了，只好涨涨，安慰受伤的心,1.0
海控大股东今天又增持了！,1.0
冲冲冲,1.0
冲破15.73,1.0
还好上月25号把他卖了换海能了[笑哭],1.0
天天垫底,2.0
海控管理层：A股这些小散骂的太厉害，让他们自生自灭,2.0
又是拖后提的，整个板块都起来了,2.0
好了，高点已出，开始出货下跌，呵呵。收15以下,2.0
你是真的垃圾,2.0
板块大涨3.30％了你小涨。。,2.0
挂16回本赚个手续费全出,1.0
真废物真搞笑，全是炒作,2.0
别再骗人了，下午又跌,2.0
稳定才是硬道理！,1.0
这狗垃圾,2.0
丢人现眼啊！,2.0
海运暴涨，你算什么东西,2.0
一大早垃圾又被大骂！确实对比板块确实太差劲了！海能,2.0
来猜下还用多久海控就要被超过？,2.0
价值的典范！纠结于分红，踏空于当下！中远海控价值重,1.0
板块3点多了…你特么还想跌，万,2.0
中远海能都比海控够意思,2.0
海能是你爷爷呢,2.0
过气的龙头不如,2.0
又又又又又又是板块倒数的，你这,2.0
今日板块涨这么好  应该涨停了吧,1.0
快跑，板块3个点了，这垃圾,2.0
别在往上拉了，都丢人丢到家了,2.0
这股被那些管理玩废了，连板块都涨不过,2.0
水运里面，你是真的垃圾,2.0
海能厉害,1.0
垃圾，快去你倒数第一的位置。,2.0
板块除了屁股（B股），又是第一,1.0
这垃圾货什么时候分红,2.0
兄弟啊，随便来个涨停就行，都两月没停了,1.0
同样是中远，为什么海能这么强？？海控这十天都长不过,2.0
开始逐步卖出,2.0
虽然我已经跑了，但是现在看这货,2.0
继续板块倒数第一，哈哈哈。主力坚决出货，散户大本营,2.0
举报万狗,2.0
真正牛逼股，昨天大盘大涨，它两,2.0
垃圾,2.0
这个背时股已经落后大盘不少多少,2.0
沪股通昨天竟然没交易？,2.0
破5日线，今天继续14.7,2.0
外资天天在进，内资天天在跑，还,2.0
跳空低开低走，绿6个点左右,2.0
为什么每天的竞价前20分钟都要打压？然后撤单？什么道,2.0
估计今天又是凉了,2.0
上午冲高，要减仓。下午调整是大概率,2.0
上海开始逐步复工,1.0
所以今天又要绿6个点左右？,2.0
公司良性发展的话，价值会不断提高,1.0
打板排板,1.0
【2022.6.1】又到儿童节了，祝愿大朋友小朋友快乐，小,1.0
必读！6月1日证券时报多次提及中远海控,1.0
今天涨了，涨了2分呢,1.0
纠结于分红踏空于当下！,2.0
主力尾盘出那么多[笑哭],2.0
都安静了，看来大家都心累了，无力吐槽了[撇嘴],2.0
这货清仓了，亏了1万,2.0
火候已到，明天应该大涨了，130亿回购和增持资金大量,1.0
真是“严重干旱”今天下来了“及时雨”啊...明天涨停,1.0
火候已到，明天应该大涨了,1.0
21本何时能回？分红真整没信心了。哪位大神给个意见，,2.0
越闹分红越是不涨[撇嘴],2.0
"已经影响很多人股民买车买房和消费了,当诛",2.0
一天天，不是唱空，就是分红回购的，这帮人什么居心！,2.0
卖飞南油，买入轮船，被套,2.0
散户真的不要再买中远了，这垃圾,2.0
公司股票价值能不通过分红来体现吗？嘿嘿嘿,1.0
一起举报吧，这股公司管理层都高,2.0
回购的可能性大，增持应该没有这么大的量。,2.0
大市大涨板块红，你怒涨2分！！,2.0
海控这条蠢猪，太浪费我的资金、,2.0
明天涨停,1.0
没有量，说别的都是白扯。,1.0
海控还有两成仓，持股一年，共亏10w，最近应该要选择,1.0
nmd,2.0
海狗终于把省心省力给熬割肉了，,2.0
垃圾！！！！！无语！！！！！,2.0
不要说了，我明天给你们啦个涨停,1.0
怒涨一分，微跌两毛的代表[呲牙],2.0
你永远滚出我的视线,2.0
这要是大盘不好还不得跌停？,2.0
还是港股牛逼啊，a股就是个渣,2.0
好了个碧,2.0
A股不挖蛀虫股市不会好。,2.0
明天暴涨1分,1.0
我还能用什么语言来形容你……,2.0
早说了，买海能，这个市场韭菜多,2.0
海控，还能骂吗？,2.0
大盘暴涨你一动不动,2.0
大垃圾,2.0
希望明天跌停,1.0
衰股,2.0
北向资金今天买入140亿，但是我,1.0
一天走的毫无创意，图一30顶背离后30没金叉出买点。图,2.0
开盘看一眼，收盘看一眼，尊重一,2.0
万敏啊你真不是个人啊,2.0
耻辱啊，二分钱玩一天,2.0
看来明天还得大跌了,2.0
海能这周就反超海控[牛][牛][牛],1.0
明天低开，百分百90,2.0
鳖孙股票,2.0
怒涨2分！,1.0
呦，又要砸啦,2.0
2分，恶心人呢,2.0
的海绿,2.0
快下来吧，我把卖飞的再补回来，就长期拿着国有资产啦,2.0
都谈分红，这下好了吧，大盘飞涨几天它跌，报复散户,2.0
明天大盘调整，海控绿7个点左右,2.0
垃圾股，表现太过垃圾，被人们抛,2.0
今天北向利用大盘和海控H的掩护继续出货，后面几天15,2.0
万敏啊你真不是个人啊,2.0
走了，留下的发财,2.0
一毛钱玩一天，格局真大,2.0
此股已成僵尸没有春天的,2.0
两天大盘涨他不涨，明天一定会大,1.0
有23块多套的吗？一直趴着，加仓港股摊薄的。,2.0
是金子总会发光，半年报业绩前有,1.0
快要被海能赶上了哈哈,2.0
我卖了，她就涨了！,2.0
又拉尾盘？,2.0
6/1船起航,1.0
到底大盘涨多少才能带动你个怂比,2.0
走吧，没得戏了。板块上行很多了,2.0
倒行逆施人人得以诛之,2.0
每股收益1.72，是我每买一股就有1.72的收益吗,2.0
买了这票只能自认倒霉，不管如何,2.0
大盘跌它跑得比兔子还快，大盘涨它原地踏步，厉害，服,2.0
回购为什么没有了音讯这不是骗我,2.0
好像有个什么组团忽悠的帖子几万粉的最近不发言了，是,2.0
明天的看点,1.0
这样的走势，好像在挖坑,1.0
快点卖出，因为万想想向低位先回,2.0
大盘这么好，万你这个,2.0
又绿了[为什么],2.0
今天怎么不跟H股了？,2.0
不要再和我说什么价值投资，在这个市场上除了投机还是,2.0
垃圾海控，拿闹情绪来压盘,2.0
股民请愿书，万敏必须下课，支持,2.0
海控的管理层其实是希望海控的股价跌的，最好是跌至4,2.0
天时地利人不和。干啥都打折扣。,2.0
听说六月份运费要涨价，是真的吗,1.0
谢谢关注,2.0
大盘涨、板块涨，ccfi也涨，海控照跌，大盘回到3200，,2.0
景气周期都不能被市场认可，以后,2.0
好好一个股，就成了这个德性。,2.0
现在大股东巴不得跌，好抄底,2.0
他们说中远海控不行，我不信，当,2.0
涨一天跌几天的节凑,2.0
到底万盖土了没有？,2.0
狂妄自大的管理层最终会付出该有的代价,2.0
去外面吃肉挨打都行，不要待在这,2.0
卧槽，真敢绿啊！,2.0
之前跌散户说是上海影响，现在复工，散户开始骂了，持,2.0
最近会轮动到海控嘛？？关注的其他股票都涨的不错，就,2.0
不分红就把股价太高，亲,2.0
万敏已挂，都给烧点,2.0
绿了。垃圾,2.0
自顾自套现，然后用一个分红方案,2.0
折磨死人的,2.0
最就买了，中远海拖。,2.0
在大股东的眼里，散户就同等于贱,2.0
北向出货，放弃了，内资不跟，北向也要走了,2.0
中远在你身上太TM耽误事啦！！！！！,2.0
这不，又要绿了,2.0
做个人吧，万狗,2.0
得罪广大股民的下场,2.0
跌的命运？,2.0
到底万敏盖土了没有？,2.0
垃圾,2.0
这是严重违反证券法,2.0
价值投资的悲哀啊，A股的耻辱,2.0
抗住啊不要往下掉,2.0
管理层出门？,2.0
太,2.0
无量白搭[献花],2.0
15.4清仓了10几万赚几百块，无语,2.0
中远系合并就无敌了！,1.0
垃圾。,2.0
我真服了港股疯狂往上窜，这个就拉稀[滴汗],2.0
未来预防会亏损，还是回购注销吧，不值两千多亿的市值,2.0
一群啥比当年三元咋不买,2.0
海控H是大股东在增持吗，这么强....,1.0
下午破15,2.0
虾虾争斗可休矣！,2.0
中狗什么时候分红谁知道，拿到分,2.0
真的要星辰大海了20可期,1.0
唉………吵s人了，要么走要么留。闹又闹不赢，别扯淡,2.0
中远系有可能最近合并了,1.0
看看中国远洋是怎么倒下的。这是重蹈复撤！,2.0
空狗压着不让涨[怒],2.0
股价来一波大涨，让大家开心开心呗[呲牙],1.0
反面人管理层中远海控,2.0
大家一起举报这公司吧！全世界航,2.0
还是垫底了,2.0
太弱了，只能T个生活费,2.0
这股赚钱的赶快卖吧不适合长期投资，分红已经明确告诉,2.0
拖拉机，早卖了。,2.0
要不要这么垃圾,2.0
草真今天进了这个，涨半天涨了五分钱，一秒钟给砸下来,2.0
能做个人么,2.0
啥样的行情能解救你,2.0
万敏是不是反向人格的人？让他做人，他偏偏不做人,2.0
大垃圾大翔,2.0
今天连15.50过不去？这是想骗炮吧,2.0
中远海绿,2.0
又套一批进去,2.0
急拉[抓狂],1.0
我相信是金子总会发光的你就是一块纯金埋在尘土中中远,1.0
砸不动，小散也拉不起，表现为无量，买卖都谨慎。估计,2.0
扯什么独子的留存资金为长远大计,2.0
解套，受不了这股，从此不碰此股,2.0
"听我说谢谢你因为有你,股票变厕",2.0
都是散户拉，一个大单都木有,2.0
6.1全面放行,1.0
6.1全面放行,1.0
早说了买海能，这个市场就是韭菜,2.0
磨的人头大,2.0
静等下来3个点后加仓,1.0
十年指数三千点，就因为有中远海控这样的股，不知道为,2.0
全是小单散户在买,2.0
空头怕海控继续避空，煽动散户扰乱海控，乘机砸盘做空,2.0
空头利用散户的情绪，扰乱海控，乘机砸盘做空,2.0
一直被砸，垃圾,2.0
中远海控真的不能碰，前些年一直,2.0
大盘涨，海控H涨都带不动海控A，我们散户真可怜，被空,2.0
万垃圾,2.0
做个人吧,2.0
你看看人家茅台多贵 都不这样坑人,1.0
磨磨唧唧,2.0
人心不足蛇吞象，本是一场不错的展望,2.0
你又是板块里面的佼佼者[囧][囧],2.0
挣钱了不分，亏钱就跌，挣钱也跌,2.0
赶快跌停了，,2.0
不要看一城一池的得失，那些做空,1.0
这走势，今天就是拉高出货了，大盘一跌你就跟。今天银,2.0
一群黑心媒体啊,2.0
一下来就整天都上不去了[哭][哭],2.0
洗白文有点多啊，公关开始发力了？,2.0
毫无诚信的家伙,2.0
真的无语，中远海控大a跌差不多,2.0
同样是中远系，看看中远还能咋又那样的涨势,2.0
分红是联系业绩和股价的桥梁，有,2.0
你既然要跌就跌停，好让我补仓,2.0
只有当主力把你的耐心完全磨没时,2.0
板块都被你拖下水了，让老外又来捡便宜货,1.0
大垃圾,2.0
因为投了反对票，所以就砸,2.0
看看东方海外国际，你就是孙子,2.0
下垂吧,2.0
这垃圾,2.0
恨铁不成钢,2.0
衰股,2.0
上海解封今天能不能红一点呢，顺,1.0
哈哈哈哈，砸啊砸,2.0
拉了,1.0
垃圾,2.0
啥玩意,2.0
垃圾股，名声臭了，主力都不来玩,2.0
万大垃圾,2.0
拉到60日线出货，哈哈哈，然后又跳水绿油油,2.0
现股东会的分红方案合法合规合章,1.0
砸你嘛,2.0
啥也别说！拉涨就完了,1.0
一上来就砸，丢。,2.0
把资讯收起来吧，看着都烦[呲牙],2.0
对海控不能抱有任何幻想，现在已,2.0
今天的你，吃饱了吗？有没有动力,2.0
跳空低开低走，跌5个点左右,2.0
垃圾玩意，跌跌不休,2.0
不怕藏富于企，就怕胡乱作为；不怕巨额现金留存，就怕,2.0
中远海控；原想看星辰大海，现在；看前面黑洞洞，待俺,2.0
波罗海干货指数狂跌，注意风险,2.0
2分钟读财报:中远海运业绩大超预,1.0
2分钟读财报:中远海运业绩大超预,1.0
跌5个点今天,2.0
预测海控上午翻红然后又有可能绿,1.0
发这个贴不是为了嘚瑟（当然嘚瑟,1.0
发这个贴不是为了嘚瑟（当然嘚瑟,1.0
息影后7个葫芦娃为了谋生，攒了,2.0
一边忽悠价值投资，一边赚大钱分小钱，赚小钱不分钱，,2.0
分了红除了权，都没变化，分红有什么用！,2.0
【2022.5.31】这盘面真没啥说的，就是个震荡走势，到,2.0
货柜海运酝酿6月大涨价幅度至少一成财联社2022年5月30,1.0
中远海控董秘干啥了，群聊睁眼闭眼分红，就这样价值投,2.0
主力为了吸筹，诱导散户，一个分红叨叨没完，经济复苏,2.0
这个吧里都是一些小散喊分红，分红对短线的散户有毛线,2.0
分红一事闹个没完，这可咋整？这是又想把股价打压下去,2.0
说分红没用的基本都是些刚刚勉强明白一些简单市场规则,2.0
大涨,1.0
中远海控资本运作才刚刚开始…刚收购中远海运集团财务,2.0
中远海控资本运作才刚刚开始…刚收购中远海运集团财务,2.0
股市的游戏是富人的钱原封不动还,2.0
小散是最后看清中远海控本性的，那些机构专业人士先走,2.0
中小散主要抗议是因为：股价下跌，高管减持。分红，除,2.0
每经热评：中远海控分红之争 长期价值最大化是根本标,1.0
每经热评：中远海控分红须兼顾多方利益,1.0
怪事！回购才量重点，谁把关键点转到分红去了。,2.0
分红一点用没有，比如股价11元，分红一元，除权以后10,2.0
别闹了，天天闹分红，你们再闹它就跌给你看，再闹前面,2.0
特么的狗托不少吖！这几天都出来来了！这股涨不起了！,2.0
真的不能在中远耗下去,2.0
凡是嚷嚷的闲分红少的，都是卖飞的，希望股票跌下去,2.0
挂11元接,1.0
明天砸盘.到关键点位我砸1000手.,2.0
强烈要求中远海控中期分红10送50元，太伤小股东的心了,2.0
明天上16，，，，，都别叽歪了，,1.0
我不管你分红多少，我要的是股票上30元，能做到嘛？,2.0
韭菜们别在叫了，愿赌服输，早说,2.0
中远海运业绩大超预期一季度营收同比上升62.7%。2022-,1.0
海航科技：严重低估错杀航运大黑马,1.0
大赚900亿却仅分红139亿，中国船王中远海控怎么了？,2.0
郭华伟今天装聋作哑。,2.0
一天到晚在群里就为了个分红吵个停，闹个不停。锤子吃,2.0
倒底谁在借用我们小散来搞事，我,2.0
今天开始又是漫漫熊路,2.0
管理层危机公关能力太差，业绩报,2.0
中远跌一个点不到，一个个小散哭爹叫娘,2.0
见证了国企的腐朽，其实是普遍现象，割韭菜够狠才能做,2.0
你就是一坨翔。,2.0
海狗什么时候分红就提前跑，不然,2.0
六月份要涨运价，可以打点底仓了,1.0
上周股东会的不利余波反映到今天走势，全天被空头压制,2.0
韭菜就是韭菜，都说不到黄河不死,2.0
股价不涨只能用脚投票[撇嘴],2.0
明天补缺口,1.0
今天3000只股上涨，不包含挣900亿的海控，嗯嗯。这个,2.0
中小股东有点近视了，只顾眼前利,2.0
货柜海运酝酿6月大涨价 幅度至少一成,1.0
全买股,1.0
太难了，做了1毛二的差价，,2.0
垃圾货,2.0
买周期股舒服吗？[笑哭][笑哭],2.0
呦，砸盘了,2.0
15.34的那一手，很有水平吖,1.0
嘛的，垃圾,2.0
来了,1.0
看情况收盘有可能翻红？,1.0
刚刚射那么一下是不是请君入瓮呢,2.0
海控的庄是真的坏。,2.0
虾米打架被鱼吃！谁低吸了筹码？明天涨停！,1.0
压着不让涨吗？,2.0
海控你真的是铁公鸡吗？每年吃那,2.0
大盘都红了一天了！,1.0
跟跌不跌涨，看来明天跌3点，立,2.0
谁在打压股价，涨不上去？,2.0
唉，cs呀，会遭报应的,2.0
东方海外又双叒叕创新高了,1.0
这个分红风波，不仅惹怒了散户，,2.0
坚持不卖着急的，就不是我们，紧握手中筹码,1.0
清仓垃级,2.0
垃圾,2.0
公司的利润对于高管来说，花在自己手上，才能产生利润,1.0
垃圾股,2.0
又在摸鱼么痛快点,2.0
中远海控，股价跟公司一样，一点脸面不要。,2.0
骂不动了,2.0
每天三个亿就是这样凭实力赚的，,1.0
你再涨个一块，我跑路行不,2.0
30分钟级别MA5与MA10金死叉做$中远海控 sh601919$  05,2.0
尾盘加速下跌,2.0
散户操作——没有启动的无庄股，,2.0
问题股了,2.0
好锤子的走势,1.0
得了软骨病，没救了。,2.0
赶紧跑,2.0
调仓换股了，不要浪费了大好行情,2.0
股价搞上去就行，要不稀罕分红,1.0
别看那些资讯，这些人居心不良，吃太饱了天天写这些文,2.0
北向尽流出，今天没戏了，估计又,2.0
难怪那几天压着不让涨，是等股东大会完了再收拾中小投,2.0
天天闹分红，多留点资金投入再生产不好么？非得把利润,2.0
每股收益5.59元！你每股分红0.87,2.0
继续举报吧，把这个投票结果也付上，近身估计够呛了,2.0
图一是30分图，30分死叉形成一个30分顶背离卖点。图二,2.0
买了7手海控，不知道能不能下蛋,1.0
中远今天下跌意料之中,2.0
小散們壓力泄壓后，希望股價可以開始回到主升段，漲破,2.0
废物，枉我那么相信你，解套了也没有走。,2.0
这个股也就值个1，2块钱，能涨到,1.0
今天北向是被我们小散的投票吓到了吗，上午就出货一个,2.0
唉跟了一年海控。感觉已经到了摆,2.0
啥也不是，赶紧跑。我割肉了,2.0
高管们心里老想着割我们韮菜，大,2.0
"我不赞成十成100%分红的: 那样是杀鸡取,末路公司",2.0
全A股市场上午主力出货近50亿，中远海控一家出货一亿,2.0
【2022.05.30】上午的走势看上去是洗盘，下午应该回升,1.0
罢免董监高,2.0
一群猪还在维护这个票，眼瞎了？,2.0
一根筋的，小心血本无归，  我继续t回本就跑了,2.0
垃圾了吧，大盘红，你赚那么多钱然后绿，整个就一垃圾,2.0
北上一来向上跳，北向一走向下跳,2.0
看看下面的缺口就怕。,2.0
机构跟着天天发广告，我想起来去,2.0
大盘二次探底来了,1.0
大盘二次探底来了,1.0
这么低的市盈率，咋不涨呢？,2.0
其实不用分红的，直接退市吧，你,2.0
小散在干什么？,2.0
韭菜们醒醒吧，别在做梦了,2.0
呦，还趴着呢！,2.0
这货废了，彻底废了,2.0
就怕这货分红了，股价继续跌[怒],2.0
衰股,2.0
真的垃圾,2.0
大盘涨的，这股装死,2.0
负5个点收盘,2.0
日赚3亿却连年赚3千万都不如,2.0
不让他趴下各位都有责任,2.0
运价又上涨了，股价必定会涨回去,1.0
麻痹 15.21进去 都跌到了15.15 做个t就这么难吗,2.0
今天就这样的没有量不会有太大波,2.0
万说，让你们投反对票，我他么使劲砸，让你们都亏死,2.0
你个鬼子孙看你鬼儿子真的是打你,2.0
今年起码分红2次，安心持有,2.0
朋友来了有好酒，却是豺狼来了，只能准备五连子了,2.0
这么多唱黑文章，这是存心要打压股价啊,2.0
神阿救救我吧,2.0
日的海控,2.0
这他m到底是什么造型,2.0
重仓了这个垃圾货，心碎了,2.0
后悔没有早溜，坚定持股，现在是长期做他的股东了[哭],2.0
刚才看了集装箱运价又继续上涨了,1.0
教下各位新鲜韭菜如何查找中远海,2.0
如果老是授权董事会回购，而董事会无动于衷，说明他们,2.0
大家不要怕，这辈子就不卖了，看他公司怎么办,2.0
内资鸡狗 你必须给我老外抬轿，胆小鬼,2.0
跌，跌，这是要整死小股东的节奏,2.0
这真垃圾股，赚那么多钱，股价不,2.0
A50中倒数第三，佩服,2.0
垃圾，让我回本就跑,2.0
不涨了，都不吵吵了吧！,2.0
分红遭到中小股东怒怼，只有拉升股价才能安抚广大股民,2.0
算对了利润、做好了同行业分析、,1.0
股票真的长的高了庄家也该走了，庄家大手笔向下打是要,2.0
19.5的本，越来越绝望[惨!关灯吃,2.0
还是希望他带领公司全体同仁真心,2.0
上峰不散，上涨无望！,2.0
恭喜50万散户，血亏。哈哈。16再也见不到，今天15也消,2.0
如想撼动大股东决心，得中小股东联名提议召开股东大会,2.0
公司董事长都不敢参加这么重要的,2.0
没有决策权，但是有买卖权，清仓,2.0
必上16,1.0
散户的诉求没有得到合理关注，中远海控再失人心！所以,2.0
垃圾,2.0
二次探底来了,2.0
垃圾公司，股民你们捏住，等我们高管套现就行了。卖了,2.0
垃圾股！每天让人更失望！,2.0
主力在高位减持，我们就不会減持,1.0
此时是最后跑路机会，你们,2.0
15.20又进来了,1.0
这垃圾,2.0
今天的下跌是对中远管理层的控诉,2.0
不满的事情那么多，主要源头不在,2.0
可怜的散们，你还能上车吗？,2.0
不要做韮菜，大户狂沽货，真的停,2.0
空狗吃错药了?,2.0
大庄可以的，逆天而行哈哈哈哈,1.0
骂不动了,2.0
我们不是不满分红低,2.0
狗庄不把散户投资者当人看,2.0
挂了15.20买。。,1.0
管理层说：继续给我砸，把这群投,2.0
赔钱的时候不分我们忍了，赚钱了时候也不分，钱都去哪,2.0
反弹结束没人信这波重回14洗一年运气好航运报团定价还,2.0
可以洗洗睡了,2.0
跌停报复散户牛啊,2.0
证监会应介入调查，这次分红事件,2.0
看看小康股份，亏的一塌糊涂，照,2.0
看多咨讯一出，满满地雷感,2.0
开完会马上跌，反对意见太少,2.0
起码要跌5个点，垃圾永远是垃圾,2.0
我们猜一下，有关部门会不会介入,2.0
挂15.20买。。。,1.0
这是补缺口吗？这是跟板块走了。,1.0
真是个垃圾,2.0
是拉肚子吗,2.0
今天破14.7,2.0
反弹结束再洗,2.0
咨讯一出，铺满地雷,2.0
提议罢免董秘，然后是董事长，募,2.0
你认为跌停了／也许非涨停了,1.0
所谓什么钉子的空狗煽动，这样闹下去，股价下跌对咱们,2.0
呦,1.0
今天14.7,2.0
韭菜命也是命,2.0
在我看来短期这里是过不去的因为向上突破的条件暂时还,1.0
是不是很气，是不是想卖掉，想卖,2.0
本身分红配股是好事，结果一闹跌,2.0
让你们闹，一群被套傻的笨蛋，越,2.0
，每次都这样,2.0
我从招商南油过来的，那边都在唱空你哎，说你今天跌停,2.0
好今天涨停,1.0
中远海控董事长拒绝参加股东大会,2.0
涨点吧,1.0
坚定持有中远海控必将会有丰厚回报的！,1.0
补仓,1.0
每天发无用的干什么！,2.0
5.30海控整体趋势一直没有得到突破，目前又快到了压力,2.0
全球集装箱海运价格调整，部分航线运费出现一定程度下,2.0
股票换得早，生活没烦恼！,2.0
高管增持一直是稳定投资者信心的,1.0
还在纠结分红，暴涨与你无缘！中远海控价值重估倒计时,2.0
今天北向还是买买买，气死赌气抛,2.0
广州港要启动了，赶快上车,1.0
重大利好！换个角度看中远海控少分红,1.0
有没有一种可能。他们不想高分红,2.0
反弹结束,2.0
个人感觉，海运的价格不可能一直涨下去。。。业绩没有,2.0
明天能见到16以上,1.0
周一低开两三个点，跌7个点左右收，各位开心,2.0
主力资金流入。,1.0
周评：放弃传统持股待涨，选择低吸高抛，落袋为安，到,1.0
明天外资继续大肆买入。,1.0
北上资金长期看好的板块揭秘，反弹趋势领先两市，银行,1.0
明天危险了,2.0
明天看谁跑的快,2.0
周一跌停,2.0
低开，阴十字星,2.0
这样的管理层就是一群蛀虫,2.0
分红高不可能的，高管都减持差不多了,2.0
一片悲哀，明天高开低走，永不回,2.0
股价一天比一天高！才是中小股东的福气！,1.0
把中远海控涨起来，价值投资就来,1.0
明天涨5个点以平民愤,1.0
中远海控就是用来在股市圈钱的典,2.0
赚钱了分那么少，股价又两边倒。，高管拿高薪，又逢高,2.0
发生了什么？外资单周卖了近100亿，白酒双巨头都被抛,2.0
换个角度看问题，中远海控不多分优势就是有改善空间，,1.0
长线投资的别心急，等大股东增持结束后股份增加了，下,1.0
海狗分红那么少，确实不应该！！,2.0
这几个高管很可疑，精准买精准卖,2.0
大A韭菜们。我们要学习美丽国的游戏驿站事件。小散团,2.0
大股东有钱，长期持有。小散户，拆东墙补西墙。,2.0
韭菜们醒醒吧，股价不涨不是没道,2.0
中远业绩巅峰在等三季度，我只能,1.0
这几天海控各种舆论，小股东各种,2.0
把股价拉上去，就没有那么多人投反对票了[呲牙],1.0
看好就买，不看好走人，整天瞎bb有意思吗？,2.0
远洋航运大黑马：海航科技,1.0
航海王,1.0
股价涨3倍就好,1.0
国家减这么多税也给我们长期持股,1.0
太可怕了，73%反对，还有很多弃,2.0
二季度利润暴跌100亿,2.0
股价涨幅不大，却已现三亇跳空缺口，什么时候回补?,2.0
周一能站稳60日均线那就完美，准,1.0
管它分红不分红，咬定青山不放松！中远海控价值重估倒,1.0
呼吁严查中远海控！你们倡导的价,2.0
今年起绝对下坡的起点！,2.0
有中远海控这样的管理层，股市何,2.0
Do you hear people sing?利润分配方案 6.01亿股反对,2.0
不管你是国企还是民企，既然你上市来卖，你就必须要尊,2.0
这样的董秘应该下课了，没有一点,2.0
中远海控之回不到的过去,2.0
我们是菲莱韭菜割吧,2.0
礼拜一会不会股价暴跌呢，虽然是,2.0
15.48要我S吧,2.0
15.48要我死吧,2.0
分不分红无所谓，只要能保持这样的盈利水平，我觉得就,1.0
下周又准备阴跌多少？,2.0
反正投了反对票。困难时大家一起扛，现在挣钱了，没关,2.0
小散只有挨割的份！反对无效，一切白搭！胳膊拧不过大,2.0
以前股价低迷，上市公司效益不好,2.0
"17,3的本什么时候能回来呀。还有谁……",2.0
周一跌停,2.0
逃出生天而不感恩，非君子所为！---杂感,2.0
你个驴子归盒子干的,2.0
分红对于普通散户没有用。,2.0
涨不文明，套现文明，下课。,2.0
这样的周扒皮公司也是没谁了！整得再多也不舍的分给投,2.0
股民怒了：太少，反对！2300亿中国“海王”竟然被怼！,2.0
既然用手投票没有用，那就用脚投票吧。,2.0
利润分配方案 6.01亿股反对票！中远海控小股东们“以,2.0
谁买这票谁瞎了眼，小小股民冒着,2.0
超重大利好，海狗周一起飞！！！,1.0
大家都不要吵了，想想办法把股价弄60以上去，好吗[微,1.0
下周跌停了,2.0
中远海控上60元一股也不过分，不如他的宁德时代股价凭,1.0
希望公司周末能出几个利好，把股价炒上去。这股价有损,1.0
油价上涨，海狗又有借口下跌了，,2.0
再不涨让海能追上了，那可真难看了！,2.0
看看中远海控还要脸吗,2.0
散户就要有散户的觉悟？真以为你,2.0
开始大发利空骗散户筹码了，认真,2.0
这铁公鸡都能分红啦，你们还不知足啊！你们应该“偷着,1.0
哈哈，记者想钱赚稿费想疯了，我看你明天还发表什么文,2.0
中国“海王”去年暴赚近900亿 却只分红139亿！有股民,2.0
监管部门要彻查海控财务报表，查,2.0
我早就说了，中远海控就是个垃圾，重资产，赚这么多钱,2.0
瞅瞅这两天的消息，嘿嘿，怕是有人煽风点火，大家猜是,1.0
愿赌服输，一个个散户还反对投票,1.0
我持有中远海控11个月了，亏损近,2.0
已把这家公司列入垃圾股列表,2.0
：控子上了生动一课／韭菜就是空,2.0
马六甲翻船了，周一芭比Q,2.0
分红就是大股东请客，小散拿钱！你觉得值吗？,2.0
要分红的人脑子有问题！,2.0
周一海控股价可能要涨。,1.0
送股，分红，大海控将星辰大海30可期,1.0
机构大金主要撤了,2.0
xdm直接砸跌停吧啥都别说了,2.0
主要是分红太少，还花几十大亿去,2.0
中远的高管最不要脸，贪腐之极，骗广大股民，高管们自,2.0
开股东大会董事长缺席，态度都有问题。,2.0
直接核按钮，反正亏了那么多了，,2.0
希望严查利益输送！！,2.0
辛亏前两天跑了，涨也涨不起来，就知道有坑,1.0
开砸,2.0
肯定是业绩造假,2.0
这种公司只配被砸！韭菜联合起来,2.0
这董秘这么狂妄广大散户团结起来一起砸[怒],2.0
都抛掉…什么玩意,2.0
上周五，波罗的海指数2681，-252.00  -8.59% 利空！,2.0
海运过气之后，一地鸡毛。2块钱再回来吧。,2.0
大家都投反对票也没有用！投票结果告诉我们韭菜没有话,2.0
中运海控能这么高的分红已经很好,1.0
改变不了，离开就是了！还期盼什么？小散们，永远叫不,2.0
大涨,1.0
周一中远海控有5个点以上的跌幅！,2.0
这垃圾股，你们也买，还想分红，在想屁吃,2.0
增持是利好，但是增持过程中他会让他涨很高么？想多了,1.0
如果觉得分红太少，你们就买啊，还在这里做什么,2.0
股权登记日之前下跌8.7不就得了,2.0
周一卖了吧，让股价跌回十年前,2.0
反对无效但“虽败犹荣” 中远海控中小股东“以票传声,1.0
赚的钱不分，永远只是纸面财富，,2.0
新松恨不高千尺，恶竹应须斩万竿,2.0
买中远海发他不香吗？,1.0
股价拉到60，不用你分红了，谢谢合作,2.0
提议罢免董秘，开始募集投票,2.0
股民怒了！中远海控被怼 去年暴赚近900亿 却只分红139,2.0
中远海控：对后市运价保持乐观 需增厚权益资本抗风险,1.0
:铁公鸡10年首次分红，10派8.7元,1.0
万绿帽及高管没责任，没格局，没嵴梁，没诚信，敷衍股,2.0
发生了什么？10年来首度分红却被“嫌少” 中远海控小,2.0
有没有一种可能，你们越叫，负面,2.0
中远海控哪句话是实话呀？云里雾,2.0
这种票价值不大，主力长期出货中,2.0
这个垃圾董秘，你们还买？？,2.0
董秘是狗,2.0
这是啥感觉,2.0
海狗海狗，下雨不愁，人家有伞，董秘大头。,2.0
蚂蚁想扳倒大象就是痴人说梦还是,2.0
再见海狗，等董秘学会好好说话，,2.0
国资委：打造一批旗舰型龙头上市,1.0
中远海控增加概念题材，央企改革,1.0
我反对这门亲事[呲牙],2.0
小散真的要控制自己的交易欲望和,2.0
这个垃圾你看吧，下礼拜绝逼是小阴线补缺口,2.0
分红有什么好？除权后股价下跌，还要上税。只要股价不,2.0
这家公司吃相难看，直接拉黑，董,2.0
开始看戏咯，留了100股等明年继,2.0
下周跳空低开深埋一批韭菜,2.0
天天这样走势，不累吗？典型的熊市思维操盘,2.0
先卖为敬，再也不见,2.0
个个都减持，怎么涨啊,2.0
大家都不年轻了，带节奏这套应该,2.0
耐心等公告，其他不要在意啦，安心过周末！,1.0
见底，早嘞！,2.0
撤了吧这票完了。,2.0
我服输了,2.0
加快数字化转型升级 中远海控“轻装上阵”打造数字航,1.0
流氓不可怕，就怕流氓有文化,2.0
买了点试试水，下个礼拜不及预期,1.0
海茅亏损股中远海能，中远海控算什么？,2.0
砸中每次都大跳水,2.0
在股票市场里套股民的钱.比运输好。,2.0
中远海控：上海口岸的货量已较前几周有较明显的恢复,1.0
空头有病啊，干掉他！冲过15.5！,1.0
北上资金都在买怕什么,1.0
今天15.49买的，忙了一天倒亏了，这个垃圾永远不买了,2.0
只亏一万多了，下周开始盈利！[,1.0
还不跑，大单在上面，快跑快跑快跑,2.0
2022最大笑话，中远海控的董秘郭,2.0
会有肉吃的,1.0
坚决看好中远海控、坚决持有中远海控,1.0
安静的拿着，别说话,1.0
中远海控大涨开始啦,1.0
其它的股都涨了，你怎么就不涨呢？,2.0
老板我错了，不该投你反对票，你还是做个人吧，别再坑,2.0
吃韭菜拉,2.0
看到这大市，看到这股价，无语了，忧心忡忡,2.0
垃圾你都不配,2.0
瞎bb的开心了，股价下来了，都是,2.0
老老实实的是牛，想吃大快肉的是,1.0
真踏马没用,2.0
全仓进去了，完蛋了[滴汗],2.0
这下好了，给你几个跌停[微笑],2.0
大家都是多少钱本？我20还有希望不？[滴汗],2.0
买啥啥涨，卖啥啥跌[捂脸][捂脸][捂脸],2.0
赶紧把股价打到10块我来买两手[旺柴],2.0
今天买在高点。[滴汗][滴汗][滴,2.0
该涨了,1.0
给大家写一个剧本，尾盘突然拉升，下周跌停,2.0
分红太少回购太少投反对票,2.0
每次都进这么多资金，就是不涨，什么情况？,2.0
一天瞎闹，非得把股价打下来么，,2.0
垃圾,2.0
北向资金短线逃跑,2.0
跌你大爷,2.0
中远海能都比海控来的给力太多,1.0
嘛的，垃圾,2.0
都开心了，听着股吧里某些居心不,1.0
我投了反对票,2.0
哈哈，还好清了仓，这货只会洋委的,2.0
走了走了，拿不住了，烦了，,2.0
这叫人多力量大[大笑][大笑][大笑][加油][加油][加油],1.0
拿了三个月，终于回本了，跑了,1.0
鱼死网破，我全都反对[大笑],2.0
你们觉得订狗还有仓位吗？他怎么,2.0
反弹就是跑的时候,1.0
在现实生活里，越有实力的人越受,2.0
已投反对票。,2.0
卖了卖了，董秘不说人话，豺狼啊,2.0
主力跑了,2.0
跟着瞎搞，人气上来了。,1.0
下午绿五个点,2.0
下午变绿,2.0
反对票走起,2.0
等票跳水等半天了，真的好磨人。,2.0
继续下跌趋势而已,2.0
放心今天收盘还是绿,2.0
今天收获三个点先撤了，下周空仓休息，下下周来炒底。,1.0
上午放量了，能否涨停？空中加油一口气攻到30？,1.0
该火一把了，昂起,1.0
这个万绿上台时我就投了反对票，,2.0
我也投反对票,2.0
分红方案小气,2.0
我也是全反对[胜利],2.0
赞成,1.0
周三进了海控想追涨，结果高点打,2.0
别慌啊！哥来了,1.0
都支持回购！！！！,1.0
都一个个跟着某些居心不良的人瞎,2.0
冲下16元不行吗？,1.0
量能如果够，打开上升通道！,1.0
下午会涨停，不要问我为什么，很,1.0
还差两毛解套，加油，加油。[强壮],1.0
虽然知道投反对也改变不了高层割,2.0
虽然知道投反对也改变不了高层割,2.0
赚够8毛7就赶紧走吧。在憋大招使坏了。,2.0
主力不跑，你小散跑啥？,2.0
我说金叉来了，大小姐不信，,1.0
已投，人多力量大，大家一起加油,1.0
板块第一,1.0
今天起飞不了？,2.0
涨停一个哥就全投赞成票[奸笑],1.0
重仓一买进就向下，这么精准在最,1.0
主力在拼命拉高，你们发那么多反,1.0
投个票人气都上来了。,1.0
听取散户呼声，提高分红比例，众归所望,1.0
快跑快跑快跑,2.0
今天股东会是不是有意外利好啊，机构大户开始大量买进,1.0
分红少！回购少！是此股的大疾！,2.0
卖飞了，弄不好上不了车了,1.0
按照今天海控的走势能涨5-6点就,1.0
今天不要有上影线就好,1.0
加油,1.0
涨停，拿住筹码,1.0
强庄,1.0
今天能涨停！！,1.0
渣货,2.0
发生了什么事，这垃圾桶今天居然不早泄[偷笑],2.0
没有一点担当，软骨头,2.0
亲友追随买亏损累累丢尽颜面,2.0
你们要认真看啊，回购支持啊,1.0
听着，今天的海控就是要逆大盘,1.0
前期高点15.67就是冲不过去。。,2.0
一大早主力资金就流入18000万了,1.0
国家鼓励出口，能不利好海运吗,1.0
你居然涨了啊，可惜了,1.0
宜将剩勇追穷寇，坚决将意志不坚,2.0
十个涨停才能弥补我们心灵深处的,2.0
今天人气排名要进前十,1.0
拿了近两个月，终于有盈利了，内牛满面啊,1.0
冲过前期高点15.67！！！,1.0
千万别手软，果断行使自己权利。,2.0
喊什么喊，再嚷嚷就不分了，不知好歹！,2.0
拿了一年了，心碎,2.0
利好，运价运力期货衍生金融！,1.0
坚决反对,2.0
马上跳水出货,2.0
主力加油，不给做T机会,1.0
年底可以到20[大笑],1.0
[偷笑],1.0
号外！！！运价，运力期货推出,1.0
2万股，尽一点微薄之力，反对已投,2.0
啥也不说，全反对。,2.0
啥也不说，全反对。,2.0
马上大绿！！哈哈哈最后几分钟跑路机会,2.0
猜一猜今天能不能涨5个点以上,1.0
让敏子gun,2.0
己投反对票,2.0
今天有望形成双响炮！,1.0
如何投反对票,2.0
今日股东大会，大家别忘了投反对,2.0
马上跳水出货，破14.8,2.0
运价，运力期货推出！！！利好,1.0
中远海控看涨,1.0
小散们，团结起来吧！,1.0
好好的共赢非得弄成对立面,2.0
看着高挂的中远被竞价收了，不知祸福？,1.0
看能冲上前期高点15.67么。。。,1.0
全部反对，全部反对,2.0
你就算跌到退市我也认了！,2.0
早盘抢筹，今天涨停,1.0
今天航运会大涨的,1.0
除了回购全部反对,2.0
股票跌成翔了，全部反对,2.0
今天中远海控起飞,1.0
真是够了,2.0
前六反对，七八同意。罢免无作为,2.0
12万股，除回购全投反对票！,2.0
坚决坚持对管理层自私自利行为的,2.0
行使小小股东权利，愚公移山,2.0
全部反对，回购也反对，一起毁灭,2.0
管它分红不分红，投资投机两相宜！,1.0
中远海控股东大会坚决全票反对,2.0
今日大涨！,1.0
中远海控05月26日获沪股通增持681.01万股,1.0
慢慢阴跌无穷尽，此生永远不回本。愿各位全仓亏光可好,2.0
都想着分红，给你俩跌停，都悄悄的了,2.0
分红能体验公司股票价值，回购注销更能体验价值,1.0
坚持2023年50元/股目标不动摇,1.0
终于到了主升浪的时候，今天不涨,1.0
海运茅价值重估倒计时时！,1.0
要涨翅膀了,1.0
低分红就是不负责任！还美其名曰,2.0
坚决反对低分红！不能把佃户的绝,2.0
高分红当然好，分15%有点失望，关键是管理层是否有私,1.0
外资持有海控量创新高,1.0
说实话，我们小散再怎么投反对票，还是拧不过控股股东,2.0
强烈呼吁别分红了，钱全部用于股权激励，每个高管分10,1.0
第二季度业绩不好,2.0
今天27号了，就看我们中小散户投反对票逼宫效果如何，,2.0
希望今天你能对的起这个热点18:3,1.0
盘子太大了，涨了才怪,2.0
海王还在A50的，现在给一个目标,1.0
抓典型！兴A股，从中远海控做起！把保护投资者利益落,1.0
股权激励每股才4元！？真的假的啊？！太离谱了吧,2.0
明天大涨啊，美股游轮板块大涨,1.0
五个点,1.0
别被带节奏说高分红没用，分红确,2.0
请大家看看是否涉嫌内幕消息交易,2.0
趋势太明显了,1.0
中远管理层：请你们听听广大投资者的声音，问心有愧吗,2.0
上次猪期货开，猪肉大跌,2.0
呐喊~~~我们要回购，不要分红~~~,2.0
堂堂的央企，没责任，没诚信，没格局，没脊梁，自私自,2.0
我不奢求你分多高的分红比例，但是你现在分这点也太少,2.0
股票分红除息并不是等于没有分，,2.0
海控每股0.87元，15元的价位，在A股里已算高的了，当,1.0
海控不要管理层也罢，赚了钱就觉,2.0
建议购买海狗的基金经理多学学好,2.0
。。。明天涨停,1.0
海运运价上期货了，是利好吗？,1.0
再跌也跌不哪里了，明天股东大会买入。,1.0
太好了！,1.0
我投反对票,2.0
还记得海狗上一次的增持公告吗，也是14块多一点增持的,2.0
去年入股市买了这破股快一年了人都要整疯了。,2.0
这次股东大会引起这么大的反应，,2.0
央视新闻，出口量持续上涨，不信,1.0
韭菜们继续做梦吧,2.0
不分红也罢，来个百亿回购就得了[大笑][大笑][大笑],1.0
盘太大？拉涨困难？,2.0
那么多散户是不是搞不清楚分红是什么意思？在那闹腾啥,2.0
今天的帖子怎么这么少？是删贴了吗？,2.0
加仓,1.0
股价全天压在水下，吧内群情汹涌，管理层不为所动，区,2.0
看着大家还幻想着海控涨停，真觉,2.0
看着大家还幻想着海控涨停，真觉,2.0
都是散户,2.0
国务院发文，海控明天翻红！,1.0
明天投完反对票就往死里砸[怒][,2.0
耶种海狗烂泥扶不上墙,2.0
今天没买，感觉明天要大涨了,1.0
航运港口：集运行情或将复制煤炭行情 有望迎来二次起,1.0
可以涨了,1.0
国办：加紧研究推进在上期所、大商所上市海运运价、运,1.0
国家开始调查船司价格垄断等行为，明天走势如何？,2.0
都是借囗，托辞。别公司东方海外,2.0
601919是好公司，也正处在好赛道,1.0
赚了这么多钱就这样心寒,2.0
【一万块实盘炒股】今天满仓了，明天你可一定要涨啊,1.0
中远海控哪里来的底气肆无忌惮一路做空,2.0
明天跳空高开！,1.0
中远海控何来底气这么牛逼一年四季在做空？,2.0
几分钱搞了一整天。真恶心。,2.0
大家下午好，我钉子户是狗托，是,2.0
再买200手，明天投反对票[勾引][,2.0
收盘你能红我就不骂你不投反对票,1.0
还谈什么价值投资，赚了这么多利,2.0
搞不明白，回购这么大的利好，走势差强人意！,2.0
分红一般股价会下跌，拿股民的钱,2.0
一出手就是高峰,1.0
被做空一年了，歇歇吧，实在不行，干脆利落点，直接发,2.0
废物就你绿的,2.0
看盘面是单帐户在买入是在增持。,1.0
分红…这玩意一万能分多少？不够股价跌一天嘞,2.0
大涨过得票，三五年内最好不要再,2.0
我只能说主力控低价股疯狂收割韭菜,2.0
废物啊,2.0
我说中远海控是辣子鸡没人反对吧,2.0
高分红才会有投资价值年底净资产20元每股,1.0
求你了，别涨了,1.0
韭菜们看着红彤彤的一片好难受啊！,1.0
发点利好的帖子不行吗，都是骂的,1.0
死垃圾,2.0
有些鬼涨也叫，跌也叫。买个机毛股票，买个喇叭卖老鼠,2.0
小赤佬,2.0
分红？怎么会有中小股东吵分红？,2.0
衰股,2.0
你能不能跌的痛快点，磨磨唧唧,2.0
你今天翻红了就搞笑，那太阳从西,1.0
麻了[大哭]618也没钱买东西了,2.0
分红就算分高点，请人出个利空消,2.0
弱不禁风的样子,2.0
盘子太大，出不完的货,2.0
晦气玩意，你一开盘把港股都带绿,2.0
增加分红比例对我们散户来说意义,2.0
能上16不？,2.0
垃圾股，希望明天来个跌停板,2.0
座稳了东风快递,1.0
真他娘的恶心！,2.0
这么好业绩走成这样，A股市场没,2.0
垃圾，港股都涨了，你还在墨迹什,2.0
以自有大资金建造更多更好大货船,1.0
以自有大资金建造更多更好大货船,1.0
中远海控，会继续创新低，会下探到9元左右，在此立贴,2.0
哎，韭菜还在做梦了，好好站岗吧,2.0
卖咯卖咯，看着烦,2.0
明天投反对票的小散看过来,2.0
管理层都怕你们了，哈哈笑死我了,2.0
最少两年内最具投资价值的股票,1.0
垃圾，无药可救了,2.0
必须注销才能解决,2.0
罢免董秘,2.0
滚上去滚上去,2.0
快跑，收盘一样是15以下,2.0
我虽然赚了，但是还是很不爽，T,1.0
赶紧割吧，涨不动了,2.0
买点到了,1.0
这么牛批哄哄的，干嘛要上市融资,2.0
你的烂于我无关了，但还是好气,2.0
散户不支持，他已跌停报复,2.0
时间在空方这边,2.0
每天带个绿帽子很开心么,2.0
中远海控是a股最大的散户大本营,2.0
春天已过，夏意正浓,1.0
一个板马上走,1.0
讨论：假如明天股东大会所有决议都被通过了，小股东发,2.0
我就想罢免张铭文。根本没有财务,2.0
我就想罢免张铭文。根本没有财务,2.0
死垃圾，大盘翻红了，你还爬着,2.0
退市吧，求你了，别来害人了,2.0
走一步我退三步，走一步我退俩步,2.0
垃圾，一开盘就割了,2.0
反对票安排上,2.0
又要死？,2.0
中远海控暴跌开始了，今天最少跌幅5个点,2.0
这企业都是都是汉间,2.0
有病得治吖！,2.0
我坚信：公司少分红是为了建造更,1.0
是不是跟外资搞利益输送，子公司东方海外分红率高，母,2.0
至少拿300亿来分,2.0
为何坚守？,1.0
海里的臭货,2.0
明天会后，坚决卖掉，你不回报我，干嘛支持你！,2.0
今年的高点是15？,2.0
又要死？,2.0
你儿子创新高,1.0
都投反对票,2.0
有人通过故意炒作分红的事情，抄,2.0
更年期的／向来反着来玩／没法玩,2.0
搞笑？投票怎么投得过大股东？注,2.0
大家都别闹了！分红多少股价一样这回来多少！,2.0
不玩了，真没意思,2.0
衰股,2.0
等分红,1.0
我请问你在搞笑吗[惨!关灯吃面],2.0
大盘反弹了你怎么不反弹？,2.0
15已经成为历史了，哈哈哈,2.0
得不到市场认可，握着利润大头，,2.0
等会又是倒数第一了,2.0
我是认为他长大的。,1.0
跌停回复散户,2.0
大盘又窜稀了,2.0
罢免万绿帽，罢免董秘！！！,2.0
瘟神老总带坏大型央企！！！,2.0
快跑呀慢的要受伤,2.0
不用想太多！今天盘不会上涨的！,2.0
没想到啊，涨的时候没份，跌的时候是第一啊,2.0
你们竟然胆敢反抗？！反了天了！乖乖躺好让公司割韭菜,2.0
同志们，联合起来，团结起来，27号全部投反对票！我们,2.0
走了，留下的发财吧！,1.0
是我看错你了？买入就没涨过,2.0
快买快买快买,1.0
今天又可以倒数第一了，大跌那种,2.0
我们不用脚投票，我们用手投票，中小股东投资者的声音,2.0
不压低价格怎么增持，抓紧跌,2.0
你们不但不躺下让庄舒服地割韭菜，竟然胆敢反抗！好，,2.0
这股会被散户作死，看到股吧乱哄哄，散户极度不稳定，,2.0
这一年的走势就是故意砸盘，某些,2.0
海控绝对2娘养的,2.0
别人家猛涨你小涨，别人跌你也跌,2.0
中远海控董秘盛气凌人，投资者眼,2.0
很好，新一轮下跌开始，11元月底,2.0
一定投反对票,2.0
公司资产负债还比较高，今年分红低些也可以理解。,1.0
垃圾,2.0
跌了一年了有完没完还跌,2.0
二季度有惊喜,1.0
今天板块回调，海控绝对跌的最快,2.0
北向大幅买入，开盘又绿？,2.0
船是不是又被加国扣了,2.0
坚决投反对票！垃圾玩意！,2.0
卖咯,2.0
秘书在干什么,2.0
，老子走了。,2.0
喜欢叫，喜欢跟风今天就T.M让你嗷嗷的叫好,2.0
垃圾,2.0
吓死老子了,2.0
滚，垃圾,2.0
撤单是孙子,2.0
垃圾,2.0
你在作死吗,2.0
不好意思，今天又是板块第一，倒,2.0
又开始表演了！,1.0
嘛的垃圾,2.0
分红有屁用，只对大股东有用，散户和服民就是分自己的,2.0
罢免董秘,2.0
小散股东是,2.0
你们别被人利用了，那些在上方套牢盘的就希望多分红回,2.0
好汉架不住人多，领导层已妥协，,1.0
强烈建议公司回购股票,1.0
联合抗议，要求高分红，最少50%,2.0
心凉了，董秘这个态度，自己高位,2.0
啥也不不想说，明天必须全部投反对票,2.0
又看见一群没文化的说分红没用,2.0
“天价运费”回落，但仍在高位尽,1.0
美股航运航空股大涨[上涨][上涨],1.0
航运港口大涨5.31％，业绩最好、,1.0
那么认真做甚？这次疫情过后，股,2.0
大涨,1.0
新兵报道。正因为是这么低的分红,2.0
继续喊涨的一天,1.0
新兵报道。正因为是这么低的分红,2.0
明天反对票投起来吧,2.0
【2022.5.26】上升途中的暴跌反而成为买入的时机，昨,1.0
看价值不看分红！分红就是除权游戏！,1.0
强烈要求500亿回购，分红就免了,1.0
有鸡毛用，才占3%……,2.0
罢免董秘,2.0
强烈建议不要分红。,2.0
中小股东联合“抗议”大央企 “中国船王”遭遇股东积,2.0
要下去补缺口,2.0
不管这件事是不是真的，接下来股价难搞,2.0
反对tmd,2.0
这公司太坑人，黑了股民的钱，没,2.0
北向，才是我们散户的朋友,1.0
你好，谢谢关注之后的金句。等你,1.0
确实够垃圾，连板块的一半涨幅都没有！,2.0
想看看钉子户明天咋评论董秘这件事,2.0
韭菜们，郭威哗教你们好好说话,2.0
拟分红139亿！中小股东却“不答应”，集结抗议！为何,2.0
老铁们联合起来要求公司“回购股票并注销“，这才是关,2.0
公司出现资金问题，二级市场收割。公司大赚特赚，就嫌,2.0
觉得钱是它们赚的呗。却丝毫没意识到我们都是投资者。,2.0
一个董秘可以嚣张成这样，可见公,2.0
头顶三炷香，明天还不跑的又会到,2.0
27号我们一起投反对票,2.0
这股都是散户，套了一大批,2.0
迟早要跌回1.3元,2.0
等你会好好说话时我们再聊吧，谢谢！[大笑][大笑][大,2.0
继续在试盘！,1.0
强烈抗议！万某滚吧！！！,2.0
动起来，小股东也有大力量！！！,2.0
明天上涨,1.0
今天15.16保本出掉了，等14.8再接回来！,1.0
大地主／大恶霸犬／泥个鬼孙子／十来年木下蛋啦,2.0
业绩这么好的啊？茅台都抵不过这？股价低茅台差不多20,1.0
强烈抗议！万某滚吧！！！,2.0
大家记得投反对票,2.0
上海疫情解封后将迎来一大波出货,2.0
去年也是从5月初开始涨，涨到25,1.0
垃圾不如,2.0
这走势无语论比,2.0
拟分红139亿！中小股东却“不答应” 集结抗议！为何？,2.0
17就走,1.0
只跟大盘跌不跟涨,2.0
国运昌盛！,1.0
海运板块，海控涨幅倒数第二[捂脸][捂脸][捂脸],2.0
预感明天涨停16.60,1.0
应该回购部分限售股并注销，反正公司不差钱！,2.0
中远如果被国外大资金抢购买进，那会是什么情景，真好,1.0
垃圾不如，韭菜还在幻想了，中远,2.0
第一目标价20,1.0
三天拒绝回补缺口，短期向上发力,1.0
两毛钱玩了一天真你ma对得起国企,2.0
"一个胜利的大会,团结的大会,成功的大会",1.0
垃圾货,2.0
压盘收货中，拭目以待,1.0
一天走的比较鸡肋，图一30死叉后回调没金叉出现买点。,2.0
板块狂涨5点你2点都不到，真想暴,2.0
止跌回稳向上,1.0
【一万块实盘炒股】中远海控今天买3手，明天再加剩下,1.0
还走出个十字星,1.0
实在坚持不住了。。。兄弟们你们,2.0
耐心等待空中加油机的到来。,1.0
尾盘又拉了，和股东大会有关吗？,2.0
你就是个得儿,2.0
Drewry预测2022年全球运价将上涨38.6%，班轮业整体息,1.0
明天发威,1.0
整个板块上涨，这个股不涨，啥意思？有没有能说明白的,2.0
中远系倒数，牛逼。只想说句NND,2.0
你这么垃圾中远集团知道吗,2.0
海控，清仓走人,2.0
昨天跌的少。,1.0
哈哈，弱鸡，每次反弹都是出货,2.0
赶紧倒闭,2.0
呸，板块都快涨停了。,2.0
呸，板块都快涨停了。,2.0
散户卖，庄家的压盘自撤即被你散户买走，海控价升,2.0
我先加仓,1.0
没有对比就没有伤害，确实啊！怎么会弱到这种程度了！,2.0
真垃圾啊,2.0
鼠尾海空,2.0
废物,2.0
板块大涨，它这个德行！,2.0
垃圾,2.0
中远海控股价已到天花板，大幅下跌开始了，今天收盘下,2.0
板块唯一一个涨幅不超过一个点的[牛],2.0
病猫什么时后发威,1.0
幸好开盘走了！看连云港,2.0
这个股不涨大盘大涨他都不涨最主要原因就是那个死钉子,2.0
15.33卖，15.09又接回来了，成本,1.0
轻松买到的都不会涨,2.0
没什么物种可以形容了。只能一万,2.0
直接绿了吧，垃圾,2.0
价值投资最大笑话，没有之一,2.0
扯几把单的东西,2.0
板块倒数第一了,2.0
这是龙头吗？狗头吧,2.0
重复昨天的故事吗，建议st,2.0
天啊，连板块都不如。海狗就是拖,2.0
扶不起的玩意儿,2.0
全世界你最垃圾,2.0
想着再等等，换来的却是这样的你,2.0
天哪，板块都5个点了。我们一哥,2.0
过分了啊，早盘板块五个点，看你,2.0
滚吧，垃圾,2.0
就问你们服不服[大笑][大笑],2.0
足以说明，资金偏好已经完全抛弃这支周期股。现在也就,2.0
大盘涨了你就开始跌了，不跟大盘跟海控H,2.0
不会下午还翻船吧,2.0
买了这个股票人都不好了垃圾,2.0
14:30火箭拉升,1.0
板块大涨近4个点，这个瘟神呢？！,2.0
废柴,2.0
不蒸馒头争口气啊！！！,2.0
天天一个逼样,2.0
中远海控每天都是压盘和托盘，想上涨比登天还难!,2.0
垃圾就是啊,2.0
蜗牛,2.0
看着这个垃圾股就来气啊！买了你,2.0
不怕主力10天红柱进货,1.0
面临回购，增持！所以股价不会上,2.0
太牛啦，中远阿斗,2.0
废物,2.0
狗庄,2.0
不要拿你的认知去了解海控，现在,1.0
下午1点半大盘在涨而中远海控下跌，为什么,2.0
笑死了，哈哈,2.0
[怒][旺柴]日的,2.0
废物,2.0
反对票投起来，即便改变不了什么,2.0
这就是投资回报？狗庄？？？板块,2.0
资金买入太多谁都不愿意拉，只能,2.0
海控你挣够了。,2.0
垃圾王还得是你啊，哈哈，板块一半都没有,2.0
今天进的，晚上就能知道踩到什么,2.0
指数都涨了你还墨蹟啥,2.0
走了，这垃圾接着板块大涨偷偷出货，明天不跌我割蛋,2.0
熊王[大笑][大笑][呲牙][呲牙],2.0
万总总说了，股价是二级市场决定的，和他无关，不要再,2.0
它怎么不动啊。,2.0
板块大涨，它排名第一，倒数的,2.0
你是不是有雷呀？,2.0
倒数第一[捂脸][捂脸][捂脸],2.0
每次都是和板块对着干,2.0
今天板块中垫底，太垃圾了，要不,2.0
今天股价的走势很关键，它决定接下来几天走势,2.0
这么好的收益，这么烂的股价，板,2.0
板块涨五个点了啊，这垃圾什么情,2.0
今天若不是板块强势，这货起码跌,2.0
每天主力进场让股价排最后一名？怎么做到的？不是盈利,2.0
强弩之末了[空仓],2.0
看看板块再看看你，留下悔恨的泪,2.0
真是厉害,1.0
二年就挣个市值的央企走势不应这,2.0
股价这样，是不是什么翻了,2.0
涨的不情不愿的，今天北向t也做,2.0
中远海控，价值投资的笑话,2.0
航运板块涨幅5个多点了，真垃圾,2.0
板块这么好，涨两个点？,2.0
每天都跳水，垃圾。,2.0
果然是龙头，不过是倒数的,2.0
北向加仓，散户也锁仓再加上板块,1.0
外贸企业成本的一半变成运费，你们捧着金饭碗还砸?,2.0
整个海远港口版本中远海控最垃圾,2.0
该涨的时候不涨！什么玩意！看看其它都3个点以上了,2.0
今天加仓干,1.0
重大利好，钉子户六月底停更,1.0
人家五千万就拉涨停。你五千万才涨一个多点。[捂脸],2.0
啊哈又排第一啦,2.0
我可以允許你晚漲，但是你要后積搏發！,1.0
涨幅又是倒数第一！航运港口板块,2.0
东方海外派完息还涨3%，什么时候海控有这么强就好了,2.0
像只乌龟一样脑袋躲起来装死吧,2.0
板块第二名，g哈哈,1.0
狗子，是发过毒誓，不再做一次人了么？[怒],2.0
没事，下午拉上去就好了[呲牙],1.0
倒数第一！,2.0
中远系最垃圾的一个，落魄的龙头,2.0
这走势，弱到没朋友,2.0
海控是被大盘拖累了，本周又发行11只股票是大盘跌的元,2.0
板块大涨你不涨，过两天板块跌你,2.0
中远海控股票业绩板块第一，但是涨幅稳站航运板块涨幅,1.0
可惜了，这么好的业绩股！,1.0
板块垫底,2.0
早盘诱多，主力卖盘出货，估计收,2.0
诱多，卖盘,2.0
烂泥总是扶不上墙,2.0
量增价跌,2.0
割球了，就这么痛快,2.0
垃圾股,2.0
今继续打压吸筹态势，跟着主力走,1.0
放心等会整个航运板块都涨，就他,2.0
又被骗了[怒],2.0
必须第一，因为我买了，就得跌，,1.0
我靠~我还以为卖飞了，结果又下来了,2.0
天天如此，什么时候才能做个人？,2.0
下午大盘不起来，肯定收绿,2.0
直接收绿吧，垃圾,2.0
你不是航运板块的？[滴汗][滴汗],2.0
如何才能让海控高层甘愿拿出高分红,2.0
港资连续三天流入近10亿，当前也,2.0
耻辱啊,2.0
业绩好有屁用，生在垃圾环境下。,2.0
图一30分死叉回调结束标志是30金叉。图二是5分图也是3,2.0
抛盘就如肉打狗有去无回[大笑],2.0
做反T不如静止不动,2.0
你就跌停吧,2.0
云卷云舒 花开花落,1.0
下午翻绿,2.0
这么下头啊没进去就下去,2.0
卧槽，这要绿了？,2.0
像个弱鸡一样,2.0
举报万敏,2.0
可考虑少仓位参予，有业绩支撑[献花],1.0
加油,1.0
别给资讯尽买入营造的假象所蒙蔽，保持警惕，控制好仓,1.0
板块倒数,2.0
垃圾中垃圾，希望明天来个跌停板,2.0
带崩板块[捂脸][捂脸][捂脸],2.0
买了你真是倒了八辈子霉,2.0
中远海控钉子户啊，不是上60块吗？现在什么价？听一个,2.0
反弹不是底，是底不反弹，绝壁调整空间到位了，时间会,1.0
在哪举报他，恶意打压,2.0
多个涨停了，平均5个点，海控2个点意思了一下，倒数。,2.0
北向不拉内资是的,2.0
海运老大要做榜样,1.0
骂他,2.0
垃圾，板块倒数！,2.0
论业绩和恶心全市无人能与你争锋,2.0
要点脸吧航运板块已经4个点了能,2.0
真丢人[再见][再见][再见],2.0
服了，航运港口板块涨幅倒数第一，这股是多讨人嫌,2.0
又是板块垫底,2.0
难道这就是世界前三的航运，国内海茅龙头，日赚三亿的,2.0
你老兄海运垫底。[捂脸],2.0
垃圾拖累板块,2.0
什么他m的龙头，真恶心，狗头吧,2.0
下午补下面缺口，哈哈。,1.0
板块都5%了，今天目标争取反包，估计够呛,1.0
板块倒数第一垃圾股,2.0
该起飞了兄弟,1.0
11元建仓有几次说准的？一直喊别人卖？您这么好心？,2.0
堂堂国企，同板块垫底，你是不要脸，赶紧涨停,2.0
恶心,2.0
板块倒数第一了，一会绿了再买回,2.0
滚吧,2.0
卖飞了,1.0
快跑，现在15.34。下午绿色,2.0
能不能硬气一回,2.0
看涨,1.0
走了留下发财吧,1.0
又是弟一吗,2.0
加油，争取跑赢板块，你可是龙头,1.0
龙头已经连板块都涨不过了？,2.0
造孽,2.0
目标18块，冲,1.0
嗯，上一波赚了2倍多，这一波小赚10个点了，什么时候,1.0
小弟们的狂舞从来不带大哥，大哥喜欢孤芳自赏。,2.0
砸你嘛,2.0
不错始终板块倒数第一,2.0
造化弄人?昨天主力那么用力拉奈,2.0
加油吧！持续看好！疫情不会马上,1.0
板块倒数第一，哈哈哈，经常这样的，然后次日板块回调,2.0
原来是板块倒数啊,2.0
15.33全部清仓，也不知道啊对不,2.0
今天就是拉高出货，百分百。北向是短线，今天要跑,2.0
即将回本,1.0
板块疯了，你倒是疯啊,2.0
中远海控看涨,1.0
又向垫底进发,2.0
今天有没有奇迹,1.0
现在只要一拉，北向就跑，大周期而已。板块涨了多少了,2.0
今天轮到北向咂盘了,2.0
绿万早点回家吧，不要出来祸害人呢,2.0
开盘30分钟，多空激战！,2.0
北向今天开始撤退,2.0
至少跌4个点今天,2.0
开盘即巅峰,1.0
自从卖了你每天都在涨。,1.0
又来高开低走,2.0
高开低走，大跌今天,2.0
补涨,1.0
竟然高开[想一下]不可思议,1.0
这只股完全被北向玩弄，随意控制,2.0
2天前我都劝了大家一次又一次，,2.0
病人膏肓了,2.0
哈哈哈，破14,2.0
对于大盘来说缩量上涨放量下跌，技术面改变并不是什么,2.0
今天反包涨停,1.0
今天北向砸盘，这货估计要跌停,2.0
底背离,2.0
中远海控05月24日获沪股通增持1333.46万股,1.0
低开如何操作,2.0
今天补个缺口就芭比Q了,2.0
【2022.5.25】大盘又是熟悉的暴跌，但这种反弹途中的,2.0
北向资金比例2.9%很久没有这么高,1.0
明天涨停,1.0
中国人为什么要顺着北向资金去走,2.0
利润比所有航运公司最低，垃圾,2.0
自己人做空自己股票，还谈毛吧。,2.0
打压吸筹正常。,1.0
海狗该涨了,1.0
满屏皆绿，是多军的敦刻尔克大撤退还是空军的诺曼底登,2.0
铁公鸡,2.0
北向看好，问题不大,1.0
这算，仙人指路？,1.0
竟然不是北向砸盘,1.0
海狗从15下来了，是15就是顶了，还是短暂回调?,2.0
本来冲高已经解套后来15买回来了，算是做了一把踢吧。,1.0
内资是最大空投。北向今天又是净,2.0
抓狂的一天,2.0
北向就是T最后剩一地鸡毛,2.0
明天补跌。,2.0
明天涨停了,1.0
"上午赚二千没卖,下午倒亏钱,希望",2.0
中远海控第一步到10元,2.0
迷茫了，大盘今天这样表现，后面,2.0
几乎最低价收市，北向进来果然不,1.0
别慌，今天借势洗盘，明天阳包阴,1.0
聊聊趋势逻辑下的盈利模式,1.0
有缺必补，不服不行。,1.0
我承认，我贪心了，今天上午给了,2.0
洗盘还是新的下跌开始了？周三，股市观瞻,2.0
哈哈哈，庄家被盯上了，竟然改变计划，不讲武德啊,2.0
重回13随大盘调整,2.0
跌1点几，不错了,1.0
倒车接人了，你敢上吗？,1.0
15.57元清仓了……[大笑],1.0
早说了反弹就是跑的时候,2.0
枉費走了一早的3.5%,2.0
等你磨，把你内裤都磨掉，使终改不了,2.0
早上卖飞拍大腿，下午摸一摸拍疼的大腿,2.0
明天14.5，再也回不到15元，哈哈。周期周期周期,2.0
不割完韭菜能涨吗？珍惜手中筹码,1.0
玩了，芭比Q了,2.0
快去请如来佛祖……,2.0
千日砍柴一日烧,2.0
早上和昨天，又被套了一批,2.0
炒股赚钱买媳妇儿！,1.0
5000股跌停吧反正和我没关系了,2.0
有鲜有嫩的新韭菜[捂脸][捂脸][,2.0
今天又找到好理由了，怪大盘,2.0
从早上流入1个多亿，到收盘流出2千万,2.0
啥子鬼哦,2.0
再次警告请不要骗小散手里的筹码,2.0
明天涨停！,1.0
每次都是涨一点就遇上大盘跌.。,2.0
有利空？！或利好！,1.0
幸亏上午跑得快,1.0
国金证券给予中远海控买入评级 Q1业绩符合预期 控股股,2.0
长剑射天,1.0
不用猜，是内资在抛,2.0
Q1业绩符合预期，控股股东完成增持,1.0
早上解套了没走,2.0
海狗也太渣了，又绿了,2.0
上午15.38进来哭晕在,2.0
大盘逆子给我涨[哭],1.0
刺天长针[卖出],2.0
A股跳水冠军,2.0
上周：这都能绿，这周,2.0
又他娘被套,2.0
请不要骗小散们手里的,2.0
狗庄你看看中远海能,2.0
反弹无力，继续杀跌,2.0
别啊兄弟加仓了我别搞我啊,1.0
对海控的信心彻底垮了,2.0
笑死我了，我是打死没想到，海控能录,2.0
上午都解套了，犹豫了一下又被套了，唉~,2.0
别在那假顶！下来吧你！高层一昧靠好业绩高,2.0
主力一直在撤退，估计60万散户了，周期是无,2.0
超大单都跑完了，马上,2.0
周三补跌4%,2.0
哎，还得绿，万绿龟名不虚传[赞],2.0
危险了,2.0
那个11块建仓的不用理会,2.0
每次要涨，都被大盘压下来，无语,2.0
基本不用担心，看看外面跌成啥样了都,2.0
跌破15我就满仓，我就是看好他,1.0
早上高点没有走，下午跳水跑，又亏一笔,2.0
先在股东增持前拉20厘,1.0
完了，又开始了,2.0
尾市会涨上来的,1.0
不要脸的公司呀！,2.0
早说了反弹就是你跑的,2.0
看你能顶多久？下来吧你[捂脸][捂脸],2.0
我觉得很好了，在板块,1.0
这么抗跌吗？,1.0
跌3个点收哈哈,1.0
仙人指路。明天再涨,1.0
下午小绿，几分钱,2.0
北向一跑剩下的就等死,2.0
看样子又要绿啦,2.0
被我买崩了吗,2.0
今天要绿,2.0
跳水冠军,2.0
大盘赶紧把缺口补了，别影响俺们海狗发挥[,1.0
15.38进来又埋,2.0
买入[加油][鼓掌][大笑][滴汗],1.0
真的北向资金砸盘了，,2.0
刚想说大盘不发神经，海控今天应该能收15.5,1.0
垃圾,2.0
真的挺搞笑的，行情好你不一起涨，指数要调整了你就来,2.0
集中营里的这届散户喜欢追高，而且怨气很重。没加杠杆,2.0
垃圾赶紧退市,2.0
真是倒霉，每次有个利好的时候，,2.0
什么鬼,2.0
大A被恒指整个带崩了，恒指被纳斯达克期指吓，期指晚,2.0
走了，拜拜[握手]。大叔不认为海,2.0
下午翻绿可能也有,2.0
15.38又进来了,1.0
下午收盘还是绿,2.0
快进快进快进庄稼吸筹,1.0
上海复甦海控马上胸起,1.0
开始跳水了,2.0
记吃不记打啊！,2.0
海运 “茅”又回来了！,1.0
紧跟大盘,2.0
握草！今日抢筹中远海控！牛逼克,1.0
承接太强了，现在买入，后面还有高点,1.0
海能涨停，轮船也快了，海控你还,1.0
你个弱鸡,2.0
比较垃圾，在航运里,2.0
今天量还是不够大，高位洗盘再上攻16？,1.0
15.53这个压力位突然破不了啊！,2.0
来次照顾,1.0
15.65出了点,1.0
一买就跌，是被监控了么？,2.0
海控赚这么多钱能分点红利不？毕竟上市来赚钱年份不多,2.0
反弹就是你跑的机会,2.0
垃圾，看看海能,2.0
已走出底部形态并进入反弹通道，,1.0
早说看好海运买海能，韭菜们就是,2.0
物价为啥高，因为中间商都被这个海控挣了,2.0
好垮[滴汗][滴汗][滴汗],2.0
回来干，看好,1.0
今天还没有见到万手哥[大笑][大,2.0
卖单根本不多，为啥涨不上去？不,1.0
又开始渣了，渣男就是渣男，提起,2.0
拉了,2.0
15.55进了，希望能吃点肉肉[大笑],1.0
高潮这就完了吗？我去,2.0
没办法，遇到大市跌。。,2.0
快跑快跑快跑下午大跳水,2.0
涨不停,1.0
竟然回本了，几个月没白等，不像,1.0
中远海控看涨,1.0
守得云开见月明[得意][牛][赞][,1.0
还有说要补缺口的吗，以后缺口可多了[捂脸],2.0
咋这么猛,1.0
推上15.88就有希望，否则无望。,1.0
千万不要错过2022年的大牛股-中远海控！,1.0
现在上车机会多多，不到30不卖，30市盈率才不到6,1.0
15.8是高抛机会,1.0
15.6减仓800手,2.0
不要再玩阴功了！都谁都不利！,2.0
闭着眼睛捡钱,1.0
估计能涨到多少？18还是20,1.0
只要不涨停，就会涨不停。。。,1.0
加油啊，海狗子,1.0
1.2万手有本事别撤啊，哈哈哈哈,1.0
又走早了[哭],1.0
差不多要收网了丁字裤都要跑路了,2.0
拉一次涨停证明你不是狗,1.0
今天马上跳水,2.0
我卖了，你才来涨,1.0
海控：昨天给散户发的套还不够，,1.0
坚持作强作大作优国有企业投资价值，资本运作优化国企,2.0
央企强化上市公司管理提升上市公司市值和价值创造. 资,1.0
看看以星，你这个垃圾！还亏了二,2.0
海控去年净利翻8倍反市值爆跌，国有资本保值增值能力,1.0
[旺柴]摸个5日线缺口，再收红，,1.0
今天完犊子了,2.0
今天感觉都不好，要完了,2.0
海控今天涨一角就回本了，十点前全部清仓。格局就这么,1.0
挣钱的机又来了，你的加油啊，海狗,1.0
扬帆起航！海运昌盛！目标30！,1.0
5.24号昨日的走势就是技术性调整，缩量加北上资金高抛,1.0
中远海控周期隐忧股价腰斩75家基金退出   控股股东增,2.0
中远海控05月23日获沪股通增持2833.73万股,1.0
看看其它航运公司都在一轮一轮地创新高！垃圾管理层都,2.0
涨一点牛鬼蛇神就出来吹，呵呵，跌时这么都不见这些什,2.0
33大招加码稳增长，重要信号落地，A股正迎来前所未有,1.0
就是涨了，还有50%的上涨空间！,1.0
《5月24日》外资持有601919持续创历史新高,1.0
北向两天增持5100万股，感觉这事,1.0
中远海控(01919)：中远海运集团财务获增资135亿元2022,1.0
波罗的海干散货运价指数触及逾五个月高位财联社5月23,1.0
坐稳扶好，船要开了,1.0
港烂继续加仓，也就是说割韭菜高,2.0
中远海控；同学们，我回来了！今早开盘买进的150手。,1.0
尾盘卖了[哈欠][哈欠],2.0
赚了钱不分红，肥了谁又坑了谁呢,2.0
我14.2本，今天清仓了太难受了,2.0
@中远海控，发现吧里的散户股东真是比较难伺候。,2.0
明天涨停板来了,1.0
看看他还嘚瑟不，还在隐藏利润不,2.0
浪费可耻啊，建议万总考虑  手里的现金流抄底  中国联,2.0
明天开始又要跌了,2.0
这股有个特点：逢缺口必补。今天的缺口估计接下来几天,1.0
正义迟早要来的！,1.0
明天上板，让前些天做空客们踏空去,1.0
30月，又到了诱多区域了，小板凳放好，鱼竿支起来,1.0
10倍票，不是你自己的贪婪，谁会在下跌途中买。海面上,2.0
@中远海控。按照北狗的习性，拱过的鸡窝最后都是留下,2.0
601919，北向资金今日净买入第一名,1.0
中远海控高增持30亿！10倍航运牛股高位腰斩 BDI周线六,1.0
这票好危险啊！欠那么多钱应付款，一不小心钱又没有了,2.0
成交额：27.85亿，今日北上资金大幅净买入中远海控4.2,1.0
这个股票，未来150元，真的！,1.0
中远海控W底已成型了，第一波上升到2O元左右，第二波2,1.0
北上大买，明天高开，直接跑路[大笑],1.0
北向资金进来啦！大家赶紧出吧！,2.0
现在价位做T有点难，估计主力还会拉高一点点，看十五,2.0
可以啊！看来要涨了，大家快来拉一拉[呲牙],1.0
第一目标价格17块第二目标价19块,1.0
涨,1.0
首先恭喜在船上的股友，中远终于,1.0
5.23海控离保本出已经不远了。,1.0
又割一波.....,2.0
图一海控周线图，绿圈位置macd还没金叉。还没达到我心,2.0
尾盘买了12000股，明天吃肉,1.0
整出两个缺口来干嘛啊。。。到底要不要补。。。。我害,2.0
反弹而已，可以跑了,1.0
明天冲高不管多少就要先减仓。。,2.0
无语，准备尾盘卖的，收盘的时候,2.0
海控就先做做t再说,1.0
这么好消息不拉了么  横盘干什么,1.0
海运业绩继续强势增长，中期估值值得拥有收盘后中远海,1.0
看16,1.0
14:30开始上攻。。,1.0
量能不足，明日不乐观,2.0
兄弟们我的问题一买就跌，山顶的,2.0
"海控净利翻8倍市市值40%,无作为收高薪不宜再发激励低",1.0
回本的都出了吧，这垃圾股不行,2.0
中远海控的春天来了吗？,1.0
15.1出的，挂14.8没买回来，血亏,2.0
"海控股价严重被打压扭曲上年净利翻8倍今年续作好,购东",1.0
"海控净利翻8倍,并购东方海外增值近3倍, 反海控市值股",1.0
今天轮到尾盘拉海控A股！,1.0
主力资金连续两天流入，冲上15.5,1.0
双顶，看能不能突破，突破看到22,1.0
能看出来，韭菜们没有多少股票了，慢慢可以拉升了！18,1.0
买在山顶，割在山底，正宗韭菜,2.0
买在15.2[哭][哭][哭]想剁手,2.0
虽然我今天上午被洗出去了两个点跑了，但今天下午一开,2.0
上午把我洗出去了,2.0
错过了,1.0
爽，再冲一把，我卖一点点给你吃,1.0
能稳住，慢慢来就行,1.0
快跑啊！够高啦！哈哈,2.0
抛盘太大，涨不上去了！,2.0
中远大股东正在加仓,1.0
真的建议大家不要进来，庄家是很,2.0
海运周期历史大顶，大家都在卖，,2.0
现在不上车后悔,1.0
中远海控价值严重被低估。,1.0
40万手压单，出货之心坚决,2.0
今天至少15.50本周可能创新高！,1.0
坚定持有海控，日后必有厚报！二季度业绩可期！,1.0
唱空的都被我拉黑了，嘿嘿,1.0
金叉来了，大师们说能涨多少？,1.0
"海控并购东方海外价翻近3倍, 海控净利翻8倍市值反爆跌",2.0
你怎么弄的呀／一个天一个地,2.0
开盘竖起了大旗，为什么不前进呢？,2.0
果然散户太多了啊，15都还没站稳，人气排名已经100以,2.0
站上年线15.32就谢天谢地了。,1.0
闹不好1456收，绿一分，这样恶心,2.0
按之前套路，套一波，继续下降趋势,2.0
坚决满仓中远海控，与大股东共进,1.0
赶紧抄底，一点半是今天高点,1.0
同类股外围市场今天都拉涨停了，你是多没信心呀？,2.0
唉，手脚多[滴汗][滴汗][滴汗],2.0
快跑吧，听跑船的朋友说，现在空集装箱堆满码头，油价,2.0
现在整个市场确实很强，每一次杀跌都有承接，这也是强,1.0
从现在开始，公司狂拉三个板，到,1.0
抛单太多了，上不去的,2.0
开启上升通道,1.0
短期不好说。就这业绩长期来说还,1.0
每天看股票都得提前做好心理准备,2.0
弱鸡！,2.0
中远海控：绝对是两市利润最高发,1.0
救命啊,2.0
低估值、行业龙头，业绩靓丽，为,1.0
敢不敢涨停一下,1.0
二比万绿,2.0
二比股丶,2.0
马上绿,2.0
看不懂，在表演啥。今天又14.7收,2.0
真是垃圾,2.0
这股纯sB,2.0
死垃圾,2.0
这波赛道回归，赚钱的行业基本反弹30个点以上，中远回,1.0
拉高出货,1.0
波浪理论来看得有一浪上的30，当前业绩有支撑。不可能,1.0
14.98加仓2000手,1.0
价值投资的最好标的！,1.0
外资又再买买买资源绩优挨个嗦,1.0
启明星[赞],1.0
先T为敬，屡试不爽[大笑],1.0
就知道是出利好诱多，主力出货给小散,2.0
15元买入20000股，做个短线，赚点买菜钱，不知道能不,1.0
我情愿我的那些股不要了，也希望,2.0
弱鸡不改本色,2.0
弱鸡不改本色,2.0
真是个荒料,2.0
高开低走,2.0
14.87我来接一点,1.0
昙花一现,2.0
三十亿也就溅了这一点小水花,2.0
中远海控看好,1.0
省子说到25？,1.0
别追高了，这股性差还是很,2.0
启动了，坐稳扶好,1.0
哈哈哈哈，10点之前就能封板涨停,1.0
高开低走，快跑,2.0
市盈率5是个非常健康的指标，那么现在就是属于营养过,1.0
高开低走，追涨被套,2.0
高开绝对低走，比人一天吃三顿饭,2.0
冲！挂单买进,1.0
不管啥情况都骂，利空利好也分不,2.0
，猛砸猛砸的,2.0
本周大盘继续上攻,1.0
港股大幅高开 今日稳了 涨停,1.0
海运价格将越来越低。周期股再次,2.0
增持价13.81,1.0
外资持有601919创新高,1.0
中远海控发布公告称：控股股东拟增持15亿元-30亿元公,1.0
入手四次，跌了四次，割了四次，,2.0
最多高开，必然低走,2.0
全仓吃肉,1.0
明天一字板，根本不给Tgou和踏空的上车机会,1.0
：散户朋友们，中远海控未到买入,2.0
中远海控～这样投资投机两相宜的品种不多了，稍纵即逝,1.0
明天能红我就不卖了,1.0
明天巴菲蛋要跑了,2.0
明天应该一字板。信不信由你。,1.0
这个吧里装逼的人冒充大尾巴驴的,2.0
大股东30亿回购股票杯水车薪,2.0
下寻支撑,1.0
那个垃圾砖家预计目标价60元是那一年目标、别来股市里,2.0
格局大一点，别30元50元的。到100市盈率才10多倍，不,1.0
下周三连板[旺柴],1.0
周一不要一字涨停啊，让我上了车在涨停,1.0
旱地拔葱，目标价60元。中远海控,1.0
周一一字涨停,1.0
看高到18,1.0
什么都好，就是不涨！,1.0
目前海运运力紧张，必须提前2周租船订舱，特别是上海,1.0
图一是海控月线图，月线macd死叉回调那么回调结束应该,2.0
骗大家来割韭菜,2.0
高开低走周一,2.0
15%是有的,1.0
韭菜就是韭菜，记吃不记打，涨了,2.0
大涨,1.0
我不想宰割肉了[滴汗][滴汗][滴,2.0
5-10天利润增持,1.0
希望到20让我们喝口汤,1.0
周一必然要大跌你以为天天都能回购啊,2.0
中远集团增持说明二季度利润更好，他们有内部消息，三,1.0
周一大概率涨5%以上，周二跌4%。,1.0
买了中远海控亏了43000多元再也不买,2.0
有没有到48元3年内,1.0
这波先看到20,1.0
一群唱空者，估计是卖了吧，周一直接封板。不接受反驳,2.0
周一全部增持完吧。,1.0
海控最靠谱的企业，中国市场散户比机构基金等眼光强多,1.0
早说增持我就不用割肉[兴奋],1.0
这么多人唱多？明天冲高我就卖。,1.0
老套路，再套一波,2.0
现在持有海控的朋友，等于抓了一手好牌，一定要打好！,1.0
周一涨停我立刻卖[微笑],1.0
是利好！可以增持2亿股是不是可以用300亿回购？彻底优,1.0
最近运费降得很凶，从最高点下来已腰斩了！！,2.0
中远海运集团，要增持尽快增持，不要拖拖拉拉。,1.0
这波海控回到20不是梦！坚持持有，海运价格高企，二季,1.0
又增持，股价必到五百元下半年,1.0
铁公鸡，一毛不拔，皮的价值！只会忽悠股民不断投钱。,2.0
拙眼看中远海控，单边下行在路上,2.0
周一开盘买入港股中远，坐等起飞,1.0
海控大量T，看你们星期一谁敢进,2.0
控股股东增持30亿，是诱多吗？,2.0
目的何在？,2.0
大家稍安勿躁，此次的增持可参照,1.0
赚那么多钱不分红，活该被砸啊,2.0
下周一吃根阳线就卖了，上次10月,1.0
什么大股东？钱是国家的，可是管理层实在不敢苟同，增,2.0
垃圾公司,2.0
评论一些人大股东增持和公司回购都不搞清楚就来发表评,2.0
特大利好！母公司增持说明二季度利润更好！,1.0
低位增持高位减持，扔一根骨头让,2.0
给优质公司回购点赞！！！,1.0
坚决支持和拥护回购股票！赞！大赞！！！,1.0
吧里看空的人很多，骂的人也很多，说明踏空的人很多！,2.0
不要脸的国企,2.0
祝贺中远海控和东方海外双双上榜“上市公司品牌活力榜,1.0
真踏马坑爹！,2.0
那这点钱打发叫花子呢，对公司未来有信心才增持15-30,2.0
中远海运集团拟30亿增持中远海控,1.0
评价区里都是骂声一片啊！,2.0
海控曾经让我挣了几倍利润，虽然,1.0
跌到14元，也只愿意增持这么点量，说明股价管理层对这,2.0
下周开始上行通道，拿稳了，我薛,1.0
增持后续减持，下周继续探底。,2.0
一到周末，这个吧里就出现了涨停的节奏～,1.0
来两个涨停板，证明公司前景有预期，星期一跌5角，又,1.0
股价能上去才是利好，其他都是浮云,1.0
增持的效果也许很一般，运价反弹,1.0
我感觉这个还没到底，要8块左右才能吸引资金,2.0
现在才发现是超级利好，一直看成回购了，回购不利好，,1.0
买买买模式,1.0
没有多少套牢盘了股东开始大买说明什么[呲牙],1.0
日净赚三个亿公司回购股票要大涨了,1.0
低价增持，高价减持收割韭菜,2.0
市场一天一个大头板块拉，估计快到海运系列了,1.0
波罗的海干散货运价指数连续第六周上涨，  文章来源：,1.0
这玩意儿有多挣钱？不用我说了吧,1.0
铁公鸡，不值得投资关注,2.0
发达了，增持这么多亿，周一开始,1.0
小散要擦亮眼睛看海控管理层。去年12月29日股东大会授,2.0
美海运股大涨,1.0
不可能高价增持的！又要跌了,2.0
看看中远海控副总经理怎么说的：今年运费至少翻翻,1.0
2倍市盈率，控股股东都经不起诱惑了！,1.0
在忽悠散户解盘，在下杀,2.0
这里都是空头！现在全球集装箱都远远超出需求！几乎都,2.0
14.7元全部清仓了，还亏10多w,2.0
再推巨资增持，中远海控维护公司价值不含糊！,1.0
怪不得今天涨了，从技术走势上，还是消息面上都没什么,1.0
忽悠NC进场接盘。,2.0
这样的刺激都来几次,1.0
中远海控：控股股东拟累计15亿元-30亿元增持公司A股和,1.0
中远海控今天开启了涨停模式[强壮][强壮][强壮][福][,1.0
大家买这个股票，希望我国的孩子得病吗？就是不炒股也,2.0
今天解套了，走了！,2.0
回购不注销白搭，只是把利润输送完，少分红,2.0
我是一个急性子快点往上冲才是正道[主力][主力],1.0
在一次打脸唱空者，他们脸上皮太厚了。中远海控公告，,1.0
优秀！低价增持[赞],1.0
中远最近真的能买了，各种指标和,1.0
兄弟们，18.69元的成本被套一年,2.0
周一看看再说，我怕了这个股,2.0
大涨。昨天我也说了今天是涨，昨天一堆的人在说今天跌,1.0
烂盘太大毛毛雨[大笑],2.0
上次增持两周时间从14.44涨到19.98，这次呢，超20应当,1.0
不以涨喜，不以跌悲。保持平常心！能把去年10送3的权,1.0
下周追不上了！,1.0
垃圾，流通股的2多点，顶个屁用。,2.0
CCFI连续二周上涨，应该是反转了，三四季度是旺季，今,1.0
CCFI连续二周上涨，应该是反转了，三四季度是旺季，今,1.0
这种公司就算年赚1000亿我都不买,2.0
买入买入等分红,1.0
下周起飞,1.0
港股两个交易日尾盘都是公司增持，你们有救了[偷笑][,1.0
下周到20,1.0
良心企业，比绝大多数国企玩低位,1.0
涨了几个点，看看那些韭菜激动的，韭菜就是韭菜,2.0
现在买海狗，只是给了你一个你不亏钱的机会[摊手]涨是,2.0
港股尾盘爆买,1.0
还有八九个点回本，加油,1.0
@中远海控&涨了几毛钱，各路大神又出来忽悠了......,2.0
北向今天净流入3个多亿，内资在跑[怒],2.0
海控都说2022年半年利润500亿，我看不止500亿。,1.0
一天上涨，什么样的牛鬼蛇神都被炸出来了。,2.0
港股尾盘抢筹码，下周一你们稳了,1.0
二季度利润没两百亿，我把头给你们当球踢。这轮必破前,1.0
海运的价格跌不下来的，到嘴的肉海运公司不会放的。船,1.0
但求下周不要补这个缺口吧。。。。。哎,2.0
见好就收，老规矩,1.0
主力资金今天25433万流入，又终,1.0
港股海控涨+5.82% 周一A 股大涨！,1.0
港股尾盘最后一分钟跳涨,1.0
烂泥扶不上墙一辈子涨不到8个点,2.0
反弹而已，下跌趋势改变不了的,2.0
跑路了，没跑的等起飞吧哈哈,2.0
5.20，大家节日快乐！感谢主力给的过节费,1.0
公司管理层配股了，这是个好消息,1.0
钉子户小沟沟看看，你不看好，海控自然涨,1.0
垃圾货好不容易涨一点下午又砸,2.0
如果这回是北向拉升，那下周一等哀嚎吧！,2.0
垃圾货,2.0
涨不动啊，有气无力的[滴汗],2.0
收筹保通关，七板上天山？狗是狗,2.0
清仓了，海狗你可以板了,2.0
尾盘冲一冲，下周一有希望,1.0
我已经卖了，主力可以拉升了。,2.0
上不去，洗不走，做T的开心咯。,1.0
坚持你坚信的才是最好的，加油！,1.0
开始动了快点入货,1.0
震荡,1.0
分红不算少吧，我算了一下，跟股,1.0
这个走势真的牛逼啊,1.0
这个股票怎么还会涨啊。我都当这,2.0
这算是主力抢跑了吗？,2.0
上车的朋友坐稳扶好,1.0
一直在出货，哈哈。,2.0
没人接盘只能往下了，这个废材就只能这样了,2.0
又不如你港爹涨的多,2.0
玩大盘股的果然都不急躁,1.0
今天真正当了一回龙头,1.0
无语了,2.0
怂蛋,2.0
真垃圾这样都涨不过港股。人家都,2.0
快跑，绝对是下一个三一,2.0
中远海控的客观最低的估值=每股的（净资产 公积金 未,1.0
昨天刚割肉,2.0
2.59，59秒启动，最后一秒5个点直接拉爆！[旺柴][旺柴,1.0
这个垃圾又跳水了。,2.0
不拉涨停，志在高远！,1.0
30分钟级别MA5与MA10金死叉做$中远海控 sh601919$  05,2.0
每一次反弹都是跑路机会。快跑没,2.0
今天可能是最后的逃命机会,2.0
业绩最好，估值最低的票，5个涨停还是低估值,1.0
上午11点前后，大盘涨海控不跟，说明庄家已经控盘，看,1.0
今天确实有主力进场啦！下个星期,1.0
中国股民为了解套买股！[捂脸][,1.0
垃圾,2.0
下午两点启动,1.0
但愿不是一日看尽长安花,1.0
大家涨的时候你拖后腿，弄得没有朋友，现在好了，自己,2.0
真的有点垃圾,2.0
好，离解套还差3个板，加油,2.0
死垃圾今天总算有点量了,2.0
上午13.19全部割了，唉，一声叹息,2.0
拉起来[买入][买入][买入][得意][得意][得意],1.0
进来这么多资金都给它拉不涨停[怒],2.0
下来吧，垃圾,2.0
下来吧,2.0
阿斗醒醒，快起来,2.0
千亿的盘子拉不动了,2.0
收盘吧，不要跳水了，我怕了。,1.0
告诉你们反弹才到半山腰,1.0
下周海控要大涨！不接受反驳！,1.0
老船员运送着集装箱出海了，在大洋彼岸摆了石心爱心，,1.0
技术指标已走好，KDJ金叉MACD金叉RSI金叉，三金叉,1.0
今天海控肯定有利好消息，大资金,1.0
今天涨一次，散户又可以跌几天了,1.0
这次涨一天打算跌几天呢？,2.0
16.5，不知道何年何月才能解套,2.0
能不能涨停提口气？,1.0
再也找不到这样被低估的好股票了！,1.0
谨防冒然跟进，等回踩5日均线时在看情况。。,2.0
2022年被评为最无所事实的董事长,2.0
今天海控60金叉后量能很好。日线量能情况也不错，证明,1.0
14.65加仓了1000股，现在价格15.62元,1.0
目标价20元。智者在底部悠闲建仓,1.0
公司越来越挣钱，股价在未来半年,1.0
今天是北向一意孤行的硬拉，如果,1.0
20个涨停,1.0
韭菜们别激动，反弹而已，下跌趋,2.0
海运指数涨了一个月,1.0
世界业绩王股价才十几元真见鬼,2.0
不错,1.0
回本遥遥无期,2.0
昨天进的，五个点跑了，感谢感谢，祝福涨停,1.0
中远海控之星辰大海,1.0
白马股，我加重仓长期持有！,1.0
港股显示贝莱德过来做多了。,1.0
失策失策啊！昨天就猜到今天会涨，但是海狗尿性2%最多,2.0
海控我拿了一年了，不在乎几天的大涨，用电焊焊死，涨,2.0
开心一天。,1.0
拜托今天来个板吧！上次17那个板,1.0
钉子户早上不发文，海狗就涨啦,1.0
底部启动信号出了,1.0
中远航海控逢高卖出,1.0
冲啊，排第一,1.0
走了您，我会在下面等你的，千万,2.0
恭喜省大,1.0
中远海控超低估值价值股，按它的业绩和赢利能力股价35,1.0
见底走一波,1.0
老是卖飞[哭],1.0
拉高出货吗,2.0
今天太阳从西边出来了居然涨了,1.0
如期所至,1.0
早就说了有钱了，他的模式就是买,1.0
下午会跳水的，这股的尿性是这样,2.0
昨天刚清仓，机器人盯着我了吗？,2.0
毫无波澜，，看下午怎么套人,2.0
估计今天有可能涨停！,1.0
涨停都还解套不了[哭][哭][哭][,2.0
走跑在了爆发前，精准出货,2.0
要涨停的节奏啊主力在不断加仓啊,1.0
周日之王,1.0
从软件看都是大单在吸筹为啥呀，有消息吗？,1.0
昨天刚说大盘反弹结束，今天就打脸。。,2.0
海狗终于做人了,1.0
靠，卖了就大涨,1.0
中远海控5月20日盘中涨幅达5%,1.0
还好14.50清了，昨天13.9块又满,2.0
自选股里面榜一，起起伏伏，持有,1.0
一卖就涨,2.0
中国外贸，世界第一。,1.0
3个涨停回本,2.0
昨天13.79卖的3万手，你真NB。,1.0
据业内人士消息称六月份海运费会大幅涨价告别低迷走势,1.0
一阳穿三线，有没有T飞的？,2.0
又是周五，唉！,2.0
能涨停么[晕],1.0
下跌趋势中，每一次涨都是为了更好的下跌,1.0
早盘进来的，看样子今天涨停！,1.0
还要继续发套吗，直接退市吧，不,2.0
暴涨暴跌的，股性真不错！,1.0
这么大资金介入了，应该买入，等到15以上再卖不好吗，,1.0
昨天割肉就张，气死,2.0
你的买卖点是专为韭菜准备的吗,2.0
我卖了就涨，庄,2.0
今天有本事涨停啊，你欠大家20个点[怒],1.0
18的还站队呢,2.0
今天量足进来先[呲牙][呲牙],1.0
今天TM什么情况，老子刚卖,2.0
跑出去了，做个T不香么,1.0
换管理层,2.0
勾子主力今天好凶猛，下车下早了,1.0
今天要涨停,1.0
咋？春天来了？,1.0
波罗的海指数涨+3.14%,1.0
海控股民，大事不好了，看样要来真的了。,2.0
天天玩别人,2.0
启动了，不买后悔拍大腿,1.0
来来来，赶紧买套,1.0
要两个涨停才回本[哭][哭][哭][哭],2.0
可以回了一口血，我先走了有缘再见！,1.0
你千万别涨。涨了多丢人,2.0
在这里买了1w元，看你挣扎成这样,2.0
中国贸业世界第一。,1.0
要我说，中远海控14元以下的价格不该再有了,1.0
哈哈哈，散户下午又开始骂了，1个点都涨不了。呵呵呵,2.0
不走裤衩子都赔光光,2.0
反对票是我们唯一能做的，昨天的,2.0
之前14.44是支撑位现在14.44都成压力位了还有任天天吹,2.0
就是想回回本，没别的想法[哭],2.0
今天高点已现，走人,2.0
死万,2.0
每周跌四天象征性的拉一天,2.0
什么时候来个神秘力量收拾收拾空,1.0
又出货了,2.0
海控净利翻8被股值市值不增值反爆跌40%，管理层无功反,2.0
上午把下面缺口补了，下午再跌破13.7,2.0
很奇怪的一只，利润好，收益高，价值却没体现，不懂不,2.0
涨得这么艰难，等会跌的时候就很轻松,2.0
好多新韭菜进来，兄弟们高抛，套住新韭菜，下午开割,2.0
今天14.24是今天最高点！下午14以下,2.0
这些压单都是不要钱吗,2.0
还是跑了吧,2.0
马上跳水！！！,2.0
再砸砸盘呗，我没上车呢,2.0
奔涨停，还不赶紧买？目标价35,1.0
涨一点点像要了他的命一样[惊吓],2.0
今天跟港股，哈哈。继续出货，派发给散户,2.0
黎明前的黑暗[围观][围观][围观][看多][看多][看多][,1.0
同行业你最垃圾,2.0
这些垃圾管理层，居然给自己股权,2.0
麻了[大哭],2.0
跑了吧,2.0
缺口补好了，然后继续下跌趋势，哈哈,2.0
今天要涨停,1.0
继续拉高诱多，哈哈哈。,2.0
一夜之间发布一系列公告，做大做强,1.0
就是让你不爽，就是要你割肉走人,1.0
昨天大盘的K线有点破了上升趋势，也许会走横盘震荡，,1.0
昨晚都说了，今天高开[呲牙][呲牙][呲牙],1.0
红了红了,1.0
这股这他m邪了，利好也跌，大盘红也跌，大盘绿更跌，,2.0
这玩意儿不好玩／跑了吧,2.0
谁去把万狗鲨了，我把股票给他,2.0
全是利好，今天必须涨停,1.0
今天终于可以跌破13,2.0
看空的多了，中远海控就有希望了,1.0
今天跌10个点以上,2.0
海上巨无霸正式起飞，连板了。,1.0
海控股民，大事不好了，又跌了6%，今天快跑。,2.0
中远不涨，原来如此,2.0
今天海狗准备跌几个点？,2.0
混点分红不过分吧，别套我啊,2.0
今天涨停。,1.0
海运板块精准，撤退。,2.0
什么时候准备St？,2.0
很多人都在赌海控二季度业绩继续,1.0
【2022.5.20】大盘牛！海控熊！宁可海控熊，也希望大,2.0
业绩比肩茅台，股价与茅台两重天，这么优秀的公司为何,2.0
我反对股权激励投反对票,2.0
谁有能力把懂事长，总经理，投诉到中纪委，把这帮公司,2.0
这破股没救了,2.0
是金子总会发光！,1.0
中远失控,2.0
海控今日涨。理由：1、外围稳住,1.0
大涨没有过，大跌一次都少不了，,2.0
发了一堆公告，咱也看不懂啊[为什么],2.0
挂跌停价比赛跑路了兄弟们,2.0
只要发公告  中远海狗：那我第二天必跌,2.0
为什么盈利能力这么好，股价一直下跌，是激励已到期。,2.0
同样是海运差别有点大,2.0
投反对票！利益输送可耻，股价一路向下可耻，韭菜一波,2.0
毫无疑问是重大利好，5个点起步,1.0
懂了，明天跌停,2.0
明天会大涨！！,1.0
利益输送，明天打证监会举报电话,2.0
中远海控第一压力14.26第一支撑13.75减仓为主,2.0
香港尾盘上涨就说明是利好，重大利好！！,1.0
一发公告就要跌，这是一贯的作风。什么都改变不了下楼,2.0
明天会涨，细节就不多说了，很大可能会大涨。另外，那,1.0
巴菲蛋来买中远海控了，明天跌停,2.0
你的板块全是红的，你绿了几个月,2.0
中远系资本运作大动作来了，今天晚上中远系上市公司全,1.0
明天-6%,2.0
什么都要，就是脸不要,2.0
你的板块全是红的，你绿了几个月了，大盘跌你跟着，大,2.0
一堆公告看不懂。全当利空。准备好心理准备跌到10元。,2.0
怪不得港股今天尾盘天量抢筹，最后一分钟成交769万股,1.0
这么多人都看空，就放心了。,2.0
是不是可以抄底了，那么多人在叫,1.0
中远海控都是带血的筹码,2.0
明天涨停,1.0
明天无量跌停，一直跌到5元,2.0
看来／消息早已泄露／韭菜抱着／,2.0
明天割肉走人，14看样子是历史大顶了，上海航运集装箱,2.0
大盘拉升它居然压住不给涨,2.0
垃圾公司还股民血汗钱,2.0
怎么满屏都是骂钉子的。。。你们就不怕他的粉丝们骂你,2.0
来了一个垃圾董长、股票天天跌。,2.0
外面的世界多好呀！还在这里浪费时间、消耗自己，真不,2.0
快拿一年了，说好的价值投资呢,2.0
海狗有本事下跌到两块[呲牙],2.0
该长了，增资131亿，要重组了嘛,1.0
明天涨停给我发红包,1.0
1分钟底背离，日线级别底背离。下一步没有不涨的道理,1.0
一浪比一浪低，下跌趋势改变不了,2.0
万绿毛,2.0
价值投资被吃了，不会讲故事的股票都不是好股票，业绩,2.0
明天涨停,1.0
大好行情就让你毁了亏了12万操,2.0
等我上汽赚了，要是还是14以下，就重仓30w。,1.0
按理说大盘跌这货应该稳住啊，卖出，不受折麽了,2.0
今天清仓的朋友赚了，明天开始开启大幅杀跌。。。,1.0
海控上涨，反弹可以，想主升浪模,1.0
这票得跌到公司不赚钱了，年年亏,2.0
属于上证还跌的多[哭][笑哭],2.0
这玩意还有救嘛，跌了差不多一年,2.0
中远海控实在是太久太久没有涨了,2.0
"那些经常恐吓的空狗,小心秋后算账啊,你是股东说啥都行",2.0
为什么中远海能走势这么好,2.0
别头铁坚持这大废物了，我反正是,2.0
这次反弹这货基本一点也没长啊，别的股都三十个点啊，,2.0
砸中股,2.0
干线满载 关税即将取消 就是分红回购不满 利空算是出,2.0
明天不会破13，但终将会破13.因为它就是13,2.0
调整时间还不够，耐心等待，这个,1.0
个人感觉：中远海控在换主力，原来的主力在出货，新的,1.0
一直拿起等分红就好[大笑],1.0
海控业绩净利翻8倍，上次分红玩配股分红再股值爆跌40%,2.0
去年5月买的，7月高点没跑，后来,2.0
韭菜太多割不过来,2.0
真的恐怖啊，大盘向下调整要暴跌，上的时候压根不跟,2.0
万绿龟，头上绿油油,2.0
看看长城汽车，盘子比你大，死垃圾,2.0
不该呀不该,2.0
买到你就是不涨！,2.0
你是真恶心,2.0
明天破13,2.0
这套牢盘，谁敢拉？,2.0
垃圾分类该把你放到哪一类？,2.0
大市板块都翻红了，你不装死也就,2.0
走得这么好，明天涨停,1.0
明天看SCFI翻正,1.0
不到14元庄家打了不少，这个价位必买。,1.0
多空实力接近，不是一面倒，有巨,1.0
大盘拒绝下跌，个股只是怎么涨的问题,2.0
价值规律在大A不起作用？,2.0
中远一点格局都没有,2.0
真是恶心到家了,2.0
废物，指数都翻红了，你还是这副衰样,2.0
这个主力绝了，别人是吓走散户，,2.0
今天收盘上14我看要死人吗？,2.0
错过加仓的好买点,1.0
业绩优秀年年增长！分红好安全性,1.0
你这个坑货！,2.0
你这个坑货！,2.0
大家明天上午都要记得投反对票，全反对,2.0
今年原来是中远海能的天下，已经不是你的天下了,2.0
航运订单暴降！利润腰斩，死守没有！,2.0
这只股真磨人,2.0
买了你痛不欲生，生无可恋！,2.0
中远你就是一坨,2.0
板块流出1.82亿是你一个人的功劳,2.0
自从割肉中远，每日幸亏终于能见,2.0
真到了10元时代反而是好事。,1.0
季报预告涨停后，最后的主力都跑光了。都是散户互相啄,2.0
啥时候出利好啥时候跑,2.0
大盘拉了上百点了，这货一动不动,2.0
终于等来加仓的机会hhhhh把成本,1.0
今天又流出1.8个亿，这段时间都流出60多个亿了，看来,2.0
兄弟们，最近骂声有些少了啊！这样可不行！换人继续骂,2.0
垃圾股，跌了一周,2.0
臭不要脸的,2.0
海狗最近弱的不像样，想不通昨天融资盘怎么还死命的买,2.0
2毛钱玩一天！你还不如ST股,2.0
如果不是被套牢，这股目前的走势一点买的兴趣都没有，,2.0
以后这种垃圾我再买剁手,2.0
高点越来越低，,2.0
万鬼下台吧,2.0
今天走势很健康,1.0
中远海控必翻船！！,2.0
打倒中远海控！,2.0
买这个长期投资还不如买三峡能源,2.0
退市好吗乐色,2.0
死等吧,2.0
冲冲冲↗,1.0
人在做天再看。希望狗庄有命花这,2.0
一仓难求的局面正在改变，海空还在下跌通道中。,2.0
底下拖单，拖个锤子啊，有本事就,2.0
你倒是往下砸啊,2.0
今年盈利1000亿，一天进帐三个小目标,1.0
每天板块第一,1.0
天天这走势，也没人玩，不如退市,2.0
不要再奢望该股会大反弹，现阶段会徘徊在13到12之间,2.0
不用想，待会立马下杀,2.0
为什么这几天的量能才几个亿？？？？主力真没有了吗？,2.0
加油加油再加油,1.0
海控给机会，该逃先逃。缓缓再回,2.0
考虑了很久，还是下不去手买海控，虽然PE低得非常诱惑,2.0
运价减一半，市盈率也在4，现在这个位置风险不大。,1.0
是不是运费下调的厉害啊，为什么就是不长,2.0
这几天的表现不尽人意，请暂停海运业务，老万头坐着船,2.0
烂泥扶不上墙,2.0
赚了这么多钱，不采取措施维护股,2.0
下午加速下跌，哈哈哈。11元企稳，套你们八年,2.0
再跌跌，然后分红除权，市值跌破,2.0
废物废物再废物，垃圾垃圾再垃圾,2.0
下午翻红加油,1.0
你个苟远,2.0
真的是中海龟了,2.0
每天跑输大盘,2.0
海控就别碰了。今年搞海能或者招商。,2.0
真想就老万任董事长事项再投个票，这次绝对投反对票！,2.0
给我涨[大哭][大哭][大哭][大哭],1.0
要补跳空低开的缺口,1.0
喂到有的人嘴里都吃不到肉，活该被割韭菜,2.0
10天微涨2天，8天是跌的,2.0
上海解封是客观存在，海狗基本面是扎实的，阶段性低点,1.0
下跌通道的股别买,2.0
看了你一年了，这个鬼真的是托,2.0
太拉级,2.0
有必要这么恐慌吗？,1.0
真TV垃圾,2.0
海控股民的悲哀：一个周五天收五天阴线，阴险狡诈,2.0
清仓走人,2.0
这货和亏损海能比，狗都不如。,2.0
天天跌，何时是个头？？,2.0
，垃圾,2.0
中远海控14元以下，就是最好建仓机会,1.0
我受不了了,2.0
想卖抓紧卖，别TM磨磨唧唧的，随便砸就是啦！,2.0
今天至少绿7个点,2.0
还的加仓,1.0
早说了买海能，韭菜太多了,2.0
，太垃圾,2.0
死垃圾,2.0
这个地方要变盘了,1.0
大家发现了吧，现在上14都很难了吧,2.0
好噁心,2.0
新能源yyds，哈哈哈,1.0
好像每天都是跌幅第一名！！,2.0
你们某些人天天在骂有意思吗？现,2.0
你看海能6点，优质股羞不羞,2.0
天下第一垃级,2.0
死垃圾,2.0
中远海控是病了么,2.0
你还是倒数第三,2.0
都是散户在拉，哈哈,1.0
横盘太久了,1.0
港口海运业绩第一，股价跌幅第一,2.0
自从姓万的上台之后股票一路新低,2.0
散户集中营吗？哈哈哈，砸完就让,2.0
丁字裤说今天要反弹,1.0
一只涨了十倍的股，套住了无数贪婪的小散，可怜的,2.0
涨都没涨过，有什么资格跌,2.0
倒数第一啊，靠,2.0
业绩优秀年年增长！分红好安全性,1.0
你怎么这么贱？,2.0
今天ST*ST都是强势上涨，这种LJ股才是A股的未来[大笑],2.0
这个垃圾没有救了，只跌不涨破位下跌，看来要跌到12.5,2.0
港口都上去了。你要永远都垫底吗,2.0
万狗，,2.0
开始砸到13.2,2.0
操，今天全是垃圾大涨，好股票 跌 哈哈,2.0
牛逼自己给自己压力位,1.0
去掉海控，航运板块就红了,2.0
能破10不？别让大家失望！,2.0
3元起步的还要跌回去，,2.0
还说跌不下去的我跟谁急[怒],2.0
没有你可能板块都红了,2.0
建仓,1.0
板块倒数第一了,2.0
真没尿性！[傲][傲][傲],2.0
你总是倒数第一,2.0
割是不可能割的，咱就这么耗着吧,1.0
按照大A的尿性，海控必须摸一下腰斩位，12.6附近,2.0
此股就是个流氓！,2.0
如果是一只大热股票，股吧热闹很正常。但是如果是一只,1.0
今日都还不错！比港股好多了[胜,1.0
大盘跌至2886海控也就13.56，怕啥,1.0
为什么会选了这么个垃圾,2.0
这波打压，酸爽,2.0
怎么办啊 割肉吗,2.0
厉害了，板块第一,1.0
做空的行情，那么高的融资盘，不,2.0
板块跌幅榜第一，漂亮。,2.0
不跟指数，不跟板块。这个是退市股?,2.0
这么好的股票，就是被大盘拖累了。,2.0
中远海控爽，跌停。,2.0
一次补仓开始,1.0
板块都在涨，这里的狗庄家还在砸盘,2.0
分红越多，越要快跑！,2.0
又买入一些，成本是越来越低了，就等起飞,1.0
这波看到13.10，然后拉升回14.8,1.0
都说了很稳，每天都是倒数前几，,2.0
板块领跌这是我没想到的,2.0
业绩再好也没用，没人讲故事,2.0
加油马上板块第一了,1.0
9.99见，温水煮青蛙,2.0
被套的价值投资者们不用慌，无非,1.0
无底线，无气节，无德行！,2.0
真TM不要脸,2.0
港股跌的太多了,2.0
漂亮，尽管下杀吧,2.0
业绩很好，但趋势向下，只能看不,2.0
天天在股吧骂，有啥用，割肉又没那个决心…结果越套越,2.0
放眼a股那只股票水分泡沫最大，应该当属中远海控第一,2.0
真狠。往死里砸。马上过节了，能来一波，让大家开心过,2.0
这么低我是加仓套就套点儿。,1.0
大盘本次反弹结束，指数再次回落。。,2.0
为什么跌的这么惨,2.0
奇怪的是主力一直出货，散户却一直幻想上涨，哈哈哈。,2.0
不争气的玩意,2.0
挖空机会洗劫中国股民,2.0
不是集运公司，只是个财务公司,2.0
什么垃圾股啊，天天跌,2.0
国企拉级,2.0
我真的服了这个票了，狗都不如,2.0
都散了吧，外围马士基、赫伯罗德,2.0
哈哈哈哈，今天终于放量大跌了，明天，12.3,2.0
海控的股吧完全没法看，无脑唱空,2.0
中远海能都涨近4点，海控还大跌,2.0
中远海能都涨近4点，海控还大跌,2.0
这股本来赚10w最后破了我底线，亏了2w割的，还好在割,2.0
很好，继续加仓,1.0
天天阴跌草了别人图你利息。你抄别人本金,2.0
垃圾，废物,2.0
一言难尽啊,2.0
实在是没子弹了，反攻到15就行,1.0
boll线收紧应该不会再往下走了估,1.0
散户，你们看不见吗？大盘拉升，海控都不跟了，这么明,2.0
哎，这走势……一言难尽啊,2.0
明天反对票走起,2.0
集运股有望像2020重新大爆发,1.0
会破净吗？,2.0
预祝中远海控翻船！,2.0
都散了吧太黑了,2.0
必翻船！,2.0
海狗这都喊不醒你吗？,2.0
跌起来第一名，gou东西,2.0
持续买入[胜利][胜利][胜利],1.0
现在走还不晚，一定走在外资之前,1.0
拥有现金才是王者,1.0
打倒中远海控！,2.0
海控快跌停,2.0
好啦，涨得不跟，今天跌的跟，垃,2.0
这个垃圾天又塌了。垃圾,2.0
一季度赚的比腾讯还多，股价啊，,1.0
挂了这么多250，和中远海控真匹,2.0
中远海控：黑色的星期四,2.0
永远都是跌，你能争气点吗？[哭],2.0
上海已经在抢舱位了，升价格是必然现象,1.0
H股涨它不跟，跌的时候就跟吃泻,2.0
低开高走  涨停,1.0
涨得不跟，跌的使劲跟，生,2.0
由于优秀经营业绩，今天中远海控低开高走。,1.0
感觉会低开,2.0
好股票，不怕，市盈率马上一以内了，我就问你们怕什么,1.0
港股开盘跌了2个点，这个垃圾肯定也要跌的,2.0
港股站五日线，希望a也可以$中远,1.0
大涨,1.0
放心今天上午连13.5都保不住，不,2.0
.这次反弹他是毛都没长啊,2.0
我心中的一团火是不会熄灭的$中,1.0
今天怎么办啊,2.0
今天完了,2.0
中远海控05月18日被沪股通减持662.66万股,2.0
【2022.5.19】美股再次暴跌，我们还能独善其身吗？这,2.0
任凭风吹浪打，我自岿然不动！,1.0
做好价值预期管理，适时实施股份回购，增强投资者信心,1.0
20的本，不回本，打死不卖,1.0
今天刚买，明天能不能给个惊喜啊,1.0
今天清仓了，宁愿以后追高，太折磨人了,2.0
海控已进入温水煮青蛙模式，二三块的股票,2.0
可以涨了，我清仓了,2.0
被套几天了，亏了一两百，睡不着,2.0
这股就是，砸到散户都交出筹码，,2.0
啥也不说了，这帮孙子会遭报应的,2.0
以星海运跌7个点了。跟跌不跟涨。。。。,2.0
。。。。跟跌不跟涨的东西。。。,2.0
绝了，港股涨了这么多一天不跟的！,2.0
大周期，大周期，大周期，涨一年跌三年！哈哈！3元到,2.0
越南出口额超过上海了，二季报出来就跌成狗了，小散们,2.0
港股海控突破压力线，感觉明天国内海控要大涨！,1.0
买了这个垃圾浪费了一波一波行情，90%的股票这次都反,2.0
我怎么觉得本月内中远海控至少也能涨到16元吧，我就是,1.0
要飞了吧,1.0
港股上涨最大利好是a股收盘了[摊,2.0
快进一带一路马上起飞,1.0
散户们，你们再不割肉海狗就成僵,2.0
盘子太大，五十多万散户，想上去谈何容易，,2.0
你是真狗啊,2.0
港股两天涨了5个点，你还跌了2分,2.0
利好消息来了，被低估应该能涨了,1.0
你这个废物，H股马上追上你了，,2.0
垃圾不如，还有韭菜在幻想了,2.0
丁字裤说明天反弹，大涨,1.0
今天又进了5000股[大笑],1.0
明天你不涨三个点你就是我孙子,2.0
港股开始涨了，有抢筹的迹象，就,1.0
价值投资[大笑][大笑][大笑]，在,1.0
孙子看看港股,2.0
你说恼火不恼火，H股不带A股玩。A股一收盘H股就猛拉。,2.0
继续摆烂，T一点是一点,1.0
割肉吧，没戏了，我已清仓,2.0
真特么恶心玩意,2.0
打倒中远海控！！！！！！！！！？,2.0
极品垃圾,2.0
垃圾,2.0
真的绝了，这董事长上台这么久了都不干事的嘛？啥水平,2.0
此股是鸡集中营,2.0
怎一个垃圾了得。,2.0
你姥姥！[怒][怒][怒][怒][怒][,2.0
连首次股东大会都不参与的董事长,2.0
就是这么个熊样,2.0
50国企拉级,2.0
到底是公司烂？还是投资者烂？为什么国内外、港股的海,2.0
今年行情不行，劝大家撤了,2.0
大盘跌他也跌，大盘涨他还跌，肯定有猫腻。,2.0
弱鸡,2.0
持有400多天，亏了十几个点走了！垃圾,2.0
万绿龟不下台，海控没有好。,2.0
明天大盘大跌，海控13.2元,2.0
这不对呀，大盘涨多跌少，我这咋,2.0
控盘玩的很6,2.0
要变盘了,1.0
涨一分比还费劲,2.0
垃圾股，海控,2.0
终于涨了  靠 这玩意,1.0
千万别红看着不习惯,2.0
中远海控跌是难勃万，涨是万一秒,2.0
主力不在了，这货躺平了，不涨不,2.0
压着吧不要涨！,2.0
这就是韭菜喜欢的低市盈率，呵呵,2.0
不奢求你涨 你不跌行不？,1.0
一个星期涨l毛多，跌4天,2.0
还没选择方向，不能进,2.0
几分钱玩一天,2.0
大家说它是不是个死货,2.0
看月线，强支持在10块边上,1.0
下跌的理由是什么,2.0
每天流出资金股价反而不跌，那就后头必须有大跌暴跌了,2.0
中远海控营利能力这么强，为什么股价上不来呢？,2.0
这种垃圾股，专坑散户的股票为啥不退市,2.0
永远没有惊喜的股票，天天就是跌,2.0
业绩好就是个笑话，业绩不好的反而涨上天，大A本色,2.0
业绩是真是假？业绩与股价严重背离，投资者怨声一片,2.0
垃圾，去年赔了30％，还好割了，,2.0
赶紧分红吧，分红了我再加仓,1.0
都轮不到海狗,2.0
幻想庄家和主力坐在水雷上，轰的一声，不清楚发生什么,2.0
下午翻红？,1.0
死垃圾,2.0
喋喋不休的。,2.0
没有用的东西,2.0
后悔当初没买中远海控了[哭][哭],1.0
绿油油大韭菜园,2.0
被套的价值投资者们不用慌，无非,1.0
今天又在建仓，心里想法不到20不卖。大家说对吗？,1.0
前段时间还可以做T，现在T都没法,2.0
真是醉了，涨几分第二天必跌几毛,2.0
这个股不错，很抗跌,1.0
快进快进快进，下午就没有机会了,1.0
今天必破14了！亏损不是太严重的,2.0
比起盼涨，更期待你的跌停,2.0
这个位置跌不到哪去了，因为现在,1.0
大佬刚刚拉的怎么好，是不是看大盘不对劲反手大单出货,2.0
14横太久的话以后这个位置就是顶,2.0
天下第一假值股。,2.0
今天13.5妥妥的，哈哈哈。你们的价值,1.0
快点掉我好建仓,1.0
挂个涨停价试试有没有机会,1.0
舒服啊舒服啊，哈哈哈,1.0
14.3进场，继续吃跌，喜提垃圾股，共勉,2.0
真的好好笑。17就清仓了，还好亏得少。,2.0
均线压的死死的，10元见,2.0
没有比这股更垃圾的了，什么价值投资在这里都是糊说骗,2.0
娘稀屁,2.0
还看多吗，海控就是专门打脸你们的,2.0
脑瓜子又嗡嗡的了，天天被砸真的,2.0
害群之马，打压指数！[怒][怒][,2.0
能涨涨吗？买了你就挨套[滴汗][,2.0
最大的空头就是中远自己，他们自己开大量空单做空自家,2.0
垃圾股，垃圾管理层，毫无作为！,2.0
业绩这么好为啥还一直跌，没搞懂,1.0
就他妈你个垃圾是绿的,2.0
干脆点，来三个跌停板，直接停牌,2.0
此股大势已去，跑为上策[卖出][卖出][卖出],2.0
怎么天天跌呢,2.0
天天一帮托,2.0
真的是垃圾股，涨一次没轮到，跌,2.0
万绿你每天给谁下跪呢？,2.0
看不懂了恶心人跟浪费行情挺厉害,2.0
天天跌！,2.0
垃圾海控,2.0
这个公司太无耻了告他不做为,2.0
看见你们都在骂他我就放心了,2.0
都是卖盘，拉也不拉了，直接跳水,2.0
傻傻的真可爱,2.0
A股最差劲公司和最差劲管理层。,2.0
真他m无耻,2.0
啥时候可以入啊,2.0
这个主力，只知道打崩散户情绪减,2.0
今天跌停,2.0
一言难尽,2.0
大家不要再看吧里的几个鬼神胡掐,2.0
你还不来个涨停，散户们都走光了,2.0
这种公司还上什么市啊？,2.0
有本事到13呀，我要加仓,1.0
猜中远银行今天会涨停吗,1.0
今天跌停可期,2.0
今天能有一个涨停,1.0
今上涨,1.0
全球一片红,1.0
行运业务必须高度发展比如，宜宾,1.0
中遠海控全球前三大航運公司！掌控貨櫃、航運得天下！,1.0
各种迹象表明，要涨了。,1.0
继续磨[哭][惊吓][捂脸],2.0
明天高拉可出？还是继续坐稳。,1.0
看不懂这么低PE不涨,1.0
垃圾股票，明天不涨清仓了，,2.0
不到40不卖，40才市盈率7，怕啥,1.0
退市吧人心不善恶人当道,2.0
海控，海能同到12元’时一定满仓加杠杆,1.0
A股最具价值的标的之一，是金子总会发光的！[握手][抱,1.0
兄弟们还在坚持呢，我都已经出来,2.0
一众小散开始激动了，港股大涨，,1.0
筹码收集的基本上到位，趋势的方,1.0
天天高开低走，这货已经被小散放弃了！,2.0
30绝对没问题,1.0
大涨0.06，普天同庆[旺柴],1.0
明天涨几分啊，我迫不及待了,1.0
开始建仓，我会不断买入,1.0
又要开始创新高了！,1.0
赚了1000个亿，分红100亿，铁公鸡一个,2.0
尾盘拉升，有鬼,1.0
不错大涨6分，韭菜们继续做梦,2.0
极致缩量，加上收盘后港股大涨，,1.0
成交量继续缩量，周线底背离，已,1.0
你这个垃圾终于收盘了，你爹港股终于可以涨了。,2.0
什么时候到十元啊，我捡垃圾等你,2.0
中远海控，明天继续涨,1.0
走了，去特么的吧,2.0
明天继续低开低走，这票太垃圾太弱,2.0
"14.25,全割了!再见，再也不见!亏",2.0
中远海控我出了，他今天尾盘涨了？看这样子要怒涨3---,1.0
明天会不会，向上拉？,1.0
无量啊！,2.0
早上14.28满仓了，爱咋的咋的！[捂脸][捂脸][捂脸][捂,1.0
明天暴跌！,2.0
叫你一声阿斗不过分吧,2.0
海控每次利好诱多，股价却越来越低,2.0
这控盘太恶心了,2.0
落魄的凤凰不如鸡何况是只老狗更,2.0
压盘太明显了，也不掩饰，也不真,2.0
中远茅业绩好，分配也好，目前股价处于低价位，没有不,1.0
这股没资金关注，建议先撤了，去油运股,2.0
大衰股,2.0
真是个鬼！,2.0
的好处是板块大跌他也不会跌停，只会钝刀子割肉,1.0
本周连续下跌，可到12.5,2.0
割了吧，外面随便找一个都比她好,2.0
臭垃圾,2.0
买这股真是到他妈八辈子的霉了,2.0
真弱，要死来了,2.0
海控真牛，大牛股今天大涨一份钱,2.0
宝宝心里苦啊,2.0
波动小，做T都没有多少收益,2.0
终究是错付了,2.0
中远海控之至暗时刻,2.0
非常有潜力的一只股，现在这个价,1.0
扶不起的阿斗,2.0
以后改名St海控,2.0
天天上演，狼来了。,2.0
一个优秀的公司，必须是时刻感恩,1.0
我说过只要海能涨这垃圾必跌！,2.0
市场不买账，还不如退市！,2.0
每天要死不活的，说明主力一个月,2.0
中远无主力，鉴定完毕,2.0
你倒是涨一下看看呀,1.0
机构会说，海控的暴利不可持续，肯定会被打回原形,2.0
万荣主攻中海是决策中最大的失败,2.0
这要是出一个利空或者大盘暴跌这,2.0
散户千万别买此股，买了的今早抛,2.0
海控的低市盈率就是个陷阱，主力利用海控的低市盈率疯,2.0
万绿龟滚吧,2.0
谁能告诉我中远海控为什么这么垃圾，该割的也割了，该,2.0
趋势真难看…下跌概率明显大于上涨…估计还是要下探一,2.0
大盘全紅中远反而跌奇怪,2.0
不是称职的大哥，看看海能A股拽,2.0
卧倒装死的样子，太难看了！,2.0
人家涨你跌，人家跌你跟跌………,2.0
控盘的就这么自信？天天打低对应,2.0
什么鬼，这样无聊，对的起投资者,1.0
下午开涨。天天t来t去。。主力你,1.0
下午开涨,1.0
难道海王在野蛮筑底中？,1.0
横了十来天了，可以爆跌了，大家,2.0
好棒棒,1.0
今天不能收涨，收涨会走成筑底成功的态势，砸盘难度增,1.0
坚持开盘就抛尾盘接回来天天做t,1.0
什么候分红，想等分红能不能解套,1.0
你还能不能再恶心点,2.0
7.24元是这次的下跌终点,1.0
中远海控的交易量不足，没法有行情。,2.0
太磨叽了,2.0
被市场边沿化的股,2.0
为什么我选的股都不涨?我认为很好的股啊,2.0
下午必绿，欢迎打脸,2.0
垃圾,2.0
最垃圾,2.0
这种走势就好像一艘巨轮慢慢沉入,2.0
既然天天压着不涨就不要涨了。真,2.0
恶心，真TM恶心,2.0
我认错。不该抱有幻想的,2.0
牛逼，跟板块大盘反着来，管理层,2.0
日线马上步入强势，周线还差点意思，所以股价不动，现,1.0
为什么一直喋喋不休,2.0
继续买买到涨为止就对了,1.0
整天报喜不报忧，最终坑的还是善良的人,2.0
虽然跌了不开心但就当少买一个包[好困惑]大家心态要好,2.0
你真行，版块涨幅排前五,1.0
板块下跌时才能体现龙头地位，上涨时看不到,2.0
四个字，惊弓之鸟,2.0
鬼见了都得喊声,2.0
这股票真弱，反弹一点都没蹭上，还往下走,2.0
衰股,2.0
我也走了顶不住了万去s,2.0
你吗的,2.0
破14吧，垃圾,2.0
我希望你还能继续做板块倒数第一,2.0
【机构：4月亚洲发往美国的集装箱运输量创新高】美国,1.0
今天不跟a50，跟板块了，你是真,2.0
昨天航运红它跟大盘绿，今天大盘红它跟航运绿,2.0
中遠的散戶真的有夠憋屈的，上證,2.0
缺口已补，接下来就是持股待涨！,1.0
远离十倍股，老股民忠告,2.0
可以确定，有一股势力长期以来做空海控,2.0
请爱狗人士多给海狗点关心疼爱别骂了直接举报,2.0
唉，已经找不到什么词骂这玩意了，真是骂不动了！,2.0
垃圾万敏，赶快滚蛋,2.0
ST中远吧,2.0
乐色,2.0
垃圾中的极品,2.0
垃圾，坑人公司，万敏si哪去了,2.0
好了，今天开始新一轮破位下跌，注意是破位,2.0
绿了…老套路，哈哈,2.0
每天都不死不活的,2.0
外资滚蛋啦，我们可以起飞啦！,1.0
主力配合公司恶意打压股价，司马,2.0
真的还有人会被诱高么[大笑],2.0
太抠，赚那多钱才派8毛,2.0
快买快买快买今天涨停,1.0
大盘已经出现上涨乏力的状态，已经徘徊通道线的底部，,2.0
加仓10万，中远海控2021年全球航,1.0
一年了，真的快熬不下去了，太浪费行情时间了！,2.0
放心今天还是绿，看都不用看,2.0
今天应该破14开启阴跌模式了，到12在横盘震荡几天继续,2.0
据专家一致通过，海控今天涨3%，一个月内上涨250%。,1.0
请理智看待，股市有风险，别一味地听人家吹,2.0
中远海控股价持续下跌，同行业是,2.0
机构：优质资产估值处于底部 当下值得布局的港股优质,1.0
生活往往不是一冲到底，而要根据,1.0
#对分红不满，海控中小股东又要,2.0
还不如ST,2.0
值得关注,2.0
下半年10元以下见,2.0
中远海控——难求同甘，忘却共苦,1.0
下半年估计半年赚不到现在一个月的钱，周期股就是垃圾,2.0
均线已粘合，涨在即！,1.0
从哪里来到哪里去，自然规律，从两块多来回到两块多去,2.0
下方没什么空间了，这里大概率以时间换空间的方式箱体,1.0
慢慢跌，不急不急,2.0
#对分红不满，海控中小股东又要,2.0
明天海控该涨了,1.0
海狗真垃圾，看看以星，里面的那,2.0
买在15块到过19.9，没舍得下车，想让你带我看星辰大海,1.0
阿到底管理層要不要出來救股價？,2.0
赚更多的利润也是白搭！,2.0
#对分红不满，海控中小股东又要,2.0
最后一次套利中远海控，一共挣了5.9W。今天14.19进，,1.0
让我解套走吧，我不要分红了！[哭],2.0
别人买是星辰大海！而到我就是尸沉大海！[怒],2.0
散户太多了，必须让散户割肉走人才能拉，散户一直接盘,2.0
股票至少跌到12,2.0
坐等翻倍,1.0
你他妈今年亏了几百亿吗,2.0
这垃圾要是还有人说要涨，那么上帝一定会收拾它他她..,2.0
中远海控早日翻船！？,2.0
明天丢了看别的,2.0
为啥这股这么缺德。死猪一个,2.0
万谋滚蛋！！,2.0
人人都对中远海控说呸！！,2.0
中远海控成为中国股市价值投资的反面教材！,2.0
垃圾公司，无人问津,2.0
一路向下，独立行情，有专家给分,1.0
明天肯定会小涨一点了吧不至于下14吧,1.0
#对分红不满，海控中小股东又要,2.0
拿分红说事的基本都是唱空做空的狗，抓到一只打一只就,2.0
不要心存任何幻想，团结起来，战斗起来：股东大会所有,1.0
赶紧来两个跌停拉倒，麻痹,2.0
运价大幅下滑！同志们注意了,2.0
跌跌不休，世上竟然有这么一只股票。,2.0
海控必倒,2.0
愿你翻船！,2.0
海控如龙，万绿如虫！蛀 虫！！！,2.0
#对分红不满，海控中小股东又要,2.0
连跌7周,2.0
必破10元。拭目以待！无预期。预期只会越来越差。,2.0
明天大涨,1.0
A股股民：抄底！抄底！抄底！   中远海狗：割！割！割,2.0
分红确实挺抠门的,2.0
赚1000走了垃圾,2.0
价值投资。呵呵。我笑得撕心裂肺,2.0
万绿龟，名副其实[滴汗][滴汗],2.0
一浪比一浪低，下跌趋势改变不了,2.0
天下第一废股,2.0
现在彻底没人和这个死垃圾玩了,2.0
赚钱分一点点红，亏钱又大增发，发债，,2.0
理性分析：2元涨到今也还有7倍，大资金获利丰厚，出货,1.0
跌到13元，买点,1.0
垃圾幸好跑了,2.0
这个死垃圾,2.0
亏了一千出来了,2.0
海控跌就是因为不分红，海运是全球接轨的。不可能说不,2.0
周二跳空低开，先到13.7，大概率失守，继续13.2,2.0
明天继续跌,2.0
明天可能就是一个深蹲，然后又下,2.0
明天就厉害了，大跌七八个点，哈哈哈,2.0
机会不远了！本周吧总攻开始,1.0
砸开14，来上,2.0
快跑啊，明天跌停，大股东减持！,2.0
砸跌停,2.0
就怎么那么难,2.0
这个股只有阴跌不止！不要幻想它,2.0
什么玩意,2.0
海控主力就是凭业绩好市盈率低，疯狂割韭菜，呵呵……,2.0
收盘五日线上方还有救，不然又是一轮下跌了！擦,1.0
601919中远回购方式是最适合国家、公司、股东权利的！,1.0
又垃圾，又恶心,2.0
又破位了，哈哈哈，明天13.2，月底11,2.0
已经完全失去了耐心，对你完全失,2.0
垃圾,2.0
我是眼里进沙子了，买这个,2.0
等10块再买，涨一天绿4天,2.0
这股真的垃圾。。,2.0
如此，甚好，创新低指日可待,2.0
为哈？谁告诉俺，这是为哈？,2.0
能不能涨停，受不了了！,1.0
什么时候涨停啊，等的好辛苦啊,1.0
在你这真的浪费时间,2.0
这票跟跌不跟涨啊[捂脸],2.0
衰股,2.0
这就垃圾的提不起来了。,2.0
只想说想买的考虑清楚，他并没有,2.0
还好早上走了半仓，不出意外，涨,1.0
涨停,1.0
带劲，得劲儿,1.0
16元以下均可放心买入。,1.0
加油啊马上板块第一了[偷笑],1.0
关注 BDI 的走向！,1.0
垃圾笫一股,2.0
航运板块最弱的,2.0
今天怎么这么反常，按海狗套路，,2.0
不就是磨皮，把小散磨透磨死,2.0
期待回归3字头,1.0
天底下怎么有这么垃圾的股票，太,2.0
#对分红不满，海控中小股东又要,2.0
我到底期待什么,2.0
无论你看什么指标啊业绩啊，它要是不涨你是一点办法也,1.0
倒数第一收盘，恭喜啊，再次验证,2.0
看散户信心满满，机构想做空海控,2.0
加油马上就是板块倒数第一了,2.0
垃圾狗控,2.0
现在买的都是头铁，尾盘破14，本周破13,2.0
可以买了吗,1.0
什么是垃圾？这才是真正的垃圾,2.0
涨的时候没有它，跌的时候每次都,2.0
这票不到20坚决不卖，不到10块坚,1.0
分红前是不可能涨的，震荡算是好,2.0
垃圾永远是垃圾,2.0
能骂街吗？,2.0
真是够够的！骂不动了,2.0
进来喝口茶，感觉这股这么赚钱，,1.0
真是阿斗,2.0
为啥你就这个走势啊？,2.0
该突破了，差不多了,1.0
真是垃圾,2.0
板块倒数,2.0
今天确实有点不要脸了，整个板块,2.0
我已赔10%不止，有点挺不住了，,2.0
改名吧，改成千金海控[旺柴],2.0
中控，垃圾，早点退市,2.0
要点脸吧,2.0
整个板块都在涨，怎么就入了这个,2.0
从盈利18万到亏2万割肉走人，周期股就是周期股，莫做,2.0
万大垃圾,2.0
主力牛。。管理层给力！,1.0
哈哈哈,1.0
真的无语了，天天都是高开低走，,2.0
好无耻的海控,2.0
垃圾，留100股投反对票,2.0
下边不去绕个弯不会开张…,2.0
中远海控就是个顶着金字招牌的坑人股,2.0
垃圾不如，韭菜还在幻想了，好好,2.0
尾盘要砸13块了。。这个不要脸的东西,2.0
胡搞八搞／胡投八投／高价租船／,2.0
每天都来看看，大家是怎么骂海皇的，看海皇怎么磨人心,2.0
终于明白所谓的价值投资就是扯蛋,2.0
同花顺吧中远海控股民已怒,2.0
好好珍惜此时的股价14，未来很多年都有可能是你追逐的,2.0
马上又倒数第一了，这货一直都是,2.0
垃圾万敏，赶紧滚蛋,2.0
大家在坚守什么呢？还能有什么坚守的呢？,2.0
主力总想低调，  实力他不允许呀！,1.0
看看中远海能业绩好有个屁用,2.0
板块涨疯了,1.0
板块涨你不涨,2.0
始终在板块倒数前三名里。,2.0
航运股都大涨，你是天天跌,2.0
加油，倒数第一的位置是你的。,2.0
太弱了,2.0
"散户多了就不会涨，事实就摆在这里，还心存幻想,除非",2.0
天天板块垫底？,2.0
垃圾货,2.0
扶不起的阿斗,2.0
这行业太好了，大有前途。,1.0
真是一副好皮囊，都已经没皮没脸,2.0
板块倒数,2.0
是金子迟早会发光的，请大家放心,1.0
做个人吧！不要去舔米田共了。,2.0
散户越进越多，走了走了，股吧全是一堆砖家,2.0
此股恶意做空太明显信不信由你们哈哈,2.0
不作就不会死，继续作。,2.0
撤了撤了撤了马上就要到8块！利好一出马上到10元以下,2.0
一言难尽，众人拾柴火焰低？？？什么世道？？？,2.0
熬过了冬天，冷死在夏天的节奏[,2.0
越来越像僵尸了。,2.0
业绩不真实应该严查,2.0
资本最不要脸，要严打资本主义,2.0
没资金进场，再好的业绩也是无奈,2.0
要按波浪理论，还有一定幅度下跌，早呢,2.0
决定离开了[怒],2.0
洗盘.买入,1.0
垃圾股！！谁买谁倒霉！,2.0
上车，快手抖音都好说好,1.0
股价跌成这样，大家细品。。。。。,2.0
怎么天天都是跌啊？能不能换个剧本啊？哪有股票天天跌,2.0
万绿龟绿万年[哭],2.0
不看好的就走人，没人逼你买这支,1.0
不看好的就走人,1.0
砸就对了，对垃圾管理层的最好回应,2.0
割个毛，继续加仓,1.0
是不是坚果哥重仓了此股？,1.0
垃圾,2.0
亏了900亿还想涨吗,2.0
这废物早就吓跑了广大股民,2.0
真它垃圾,2.0
这个老六，我是服了,2.0
，死了吗,2.0
真是垃圾,2.0
跌到3元的时候再进吧,2.0
什么大多数股票都在涨，而你在跌呢？,2.0
这货怎么了，天天跌的，涨涨不了多少,2.0
舒服[大笑][大笑],1.0
真特么垃圾,2.0
现在持币等待吧！估计A股大底不,2.0
能来个上升三连版就解套了,1.0
跑了这垃圾跌停,2.0
今天目标价15,1.0
中远就是价值投资在a股最好的例,1.0
20元再撤,1.0
资本家的画饼，赚二级市场的钱，俗称割韭菜,2.0
中远海控看涨,1.0
大V说要反对这个反对那个，我要赞成回购和分红,1.0
有一帮就是压着不让涨。,2.0
垃圾啊，我还是去nft了,2.0
今天只要涨，我就不割肉,1.0
5月16号海控已经连续三周的周线没有站稳15块底部放量,1.0
这一波冲到19.9,1.0
黎明前的天空绚丽多彩,1.0
我们总在仰望和羡慕着别人，一回,1.0
看到这么多口嗨看涨的，今天又要凉凉。唉。,2.0
最后机会，海控股民好好把握,1.0
哎周末的利好与你又无关,2.0
估计这小子明天要疯狂一下,1.0
此股市盈率太高，涨不起来的[大,2.0
股价一直阴跌不止的主要原因就是,2.0
基本面确实全大A无敌，每股收益1,1.0
除非船翻了，不然我是不会走的，,1.0
此股不涨天理不容啊,1.0
“贼有钱”的中远海控,1.0
明天能涨5个点吗？,1.0
万绿，我回本就走,2.0
整体基本面不变，但是路上是波折,1.0
还有人在做梦了，好好站岗吧,2.0
快手抖音专家都说可以干,1.0
13.12的支撑点，,1.0
真正的乐观不是盲目相信一切都会,2.0
这是一个空头走势！集装箱运价在回落,2.0
还是不要太乐观，这股会跌到11.75左右,2.0
外围这次大涨 周一海控应该表现表现了吧,1.0
预计二季度净利润不破百亿,2.0
600238礼拜一起飞,1.0
快手专家说不上18不卖,1.0
如果明年中远继续有今年净利润，,1.0
成本14.5有机会解套吗,1.0
中远海控关注一年多了，也买卖了几次，挺好的股，业绩,1.0
吃肉肉了，拿好。快手专家说,1.0
海控2022年分红预测，每十股分15元，专家预言该股脱离,1.0
最不要脸的公司。,2.0
不到50我信。不到25不信,1.0
这是快手专家说，下个礼拜1的预,1.0
无惧，13.5的成本，长期持有，不,1.0
你咋没说25元,2.0
14.5追高了，快手专家说，礼拜一,1.0
快手专家说，拿好上18！,1.0
大热股，可惜走坏了，还得继续磨。管理层做次人吧[拜,2.0
因为中远海控不知道错过了多少好股票，虽然中远海控没,2.0
从K线技术面研究，下周一中远海控开始向上拉升，目标,1.0
"SCFI止跌反弾了,东南亚跟美西运费都涨了",1.0
要大涨了，赶紧加仓,1.0
周一又好冲高做T，做T的爽死,1.0
疫情仍在全球蔓延，境外部分港口拥堵未见明显好转——,1.0
海控半年之内重回30,1.0
这人如白丁一样，昨天我全部清仓了，不再见，还看着，,2.0
六倍潜力股。,1.0
拿了海控1年有余了，从最初5万股,1.0
拿了三天赔了四毛五，给国家创造了税收，走了，不见,2.0
早说了下一个三一，下跌趋势改变,1.0
重大利好,1.0
巴菲蛋今天进场了！,1.0
去年一年赚1000多亿，分红才100亿，也是铁公鸡一个,2.0
看看海能，垃圾不如,2.0
海控一切正常，不要被人忽悠在底部卖掉,1.0
想大涨是不可能的，做做T还是可,2.0
全是股民的骂声？这么盈利股票不,2.0
再买海控我是狗，大盘涨，板块涨,2.0
下跌趋势改变不了的，早说了看好,2.0
今天表现虽然才涨2点多，但主力,1.0
之前说过破了14.44我就建仓，磨,1.0
港股大涨4点！！！你。。。,1.0
这换手率还想起飞？想啥呢,2.0
海狗你是真的狗啊,2.0
太垃圾了[怒][怒][怒],2.0
狗托快来啊,2.0
大A今天真拉垮[捂脸][捂脸][捂脸,2.0
主力也想拉，但是拉不动。盘子太,2.0
今天要是能破14.50，这一波也许能到16以上，否则又是,1.0
是不是压着不让涨，想低价回购？,2.0
大涨过几倍甚至十倍的票千万不要,2.0
垃圾货,2.0
勾引了三次，也没更多韭菜进来了，14.5像一座大山一般,2.0
明显就是不让涨，,2.0
上方这么大筹码压着 搞个鬼啊 出货也要等拉上去再卖啊,2.0
板块涨三个点。大盘1个点，你这个垃圾玩意,2.0
周一搞个板，热个身。20月也死叉了。双针也做好了   ,1.0
拿了大半年，亏死了，板块都跑不赢，学学中远海能,2.0
这么大的压盘，必有妖,1.0
哪么好的业绩，2倍市盈率，不涨,1.0
好久不开骂了，还是老样子，这怂,2.0
1分钱压这么多单，干飞机啊,2.0
好歹跟上板块吧，一大早买了你真,2.0
港股上涨4.27%！,1.0
可能有业绩支撑，强势中，继续持股，个人观点。[握手],1.0
什么叫绝望，应该就是这样了吧,2.0
你是龙头啊！这么了这是，弱到这,2.0
什么时候能比港股猛一回,2.0
什么他M的龙头，鱼头吧，脸呢,2.0
这t，m不知道的还以为14.51涨停,2.0
海空业绩一次次打脸，股价就是不长,2.0
你快绿吧，板块没你托底，股民心里不踏实。,2.0
纵观交易过程感觉操盘手格局太小，志向不够大。建议发,2.0
你真是个垃圾，连中远海发你都跑不过,2.0
本人砸10万进去拉下 准备起飞,1.0
这么好的业绩，市场环境稳定，不,1.0
又开始压盘了！[怒],2.0
收盘绿油油,2.0
倒霉中远股,2.0
不想涨可以跌啊,2.0
祈祷起飞吧,1.0
天地万物终有轮回不是不报时候未到,1.0
买1万股分红8700元，你觉得划算就赶快进,1.0
涨停,1.0
这么好的业绩，连板块都比不了,2.0
涨停五连板谢谢大哥大姐帮忙拉一拉,1.0
起来,1.0
认赔！还有2500股，持仓12.806。,2.0
韭菜真多，一波一波的往里冲,2.0
盛航都板了，你不动一动吗？？？,2.0
连板块都不如,2.0
这货还得跌,2.0
割肉出来，一身轻松,2.0
港股涨四个点，你涨一个点，垃圾,2.0
做t的属实赢麻了,1.0
下午涨停，垃圾货。,2.0
森口看看港股涨了多少,2.0
散户，呵呵呵。下跌中继而已。不到11元，没有资金稀罕,2.0
波段反弹开启，可以进场了,1.0
三成仓，太难了,2.0
与狼共舞尽显垃圾本色,2.0
每日一问:什么时候回本？(16),2.0
尽现垃圾本色,2.0
天地万物终有轮回不是不报时候未到,1.0
好好珍惜此时的股价吧，最起码在25年前，这个价位是高,1.0
今天表演下吧,1.0
你又要跪吗？,2.0
又要下跪？,2.0
船要翻了,2.0
算了，不玩了。再也不玩了。,2.0
看这情形收盘又要绿,2.0
垃圾的不行,2.0
如果大盘重新回到2800+估计它要,2.0
15冲,1.0
大盘已经开始跳水，你还不赶紧,2.0
板块都比这垃圾涨得多！,2.0
为什么不涨，原因已经找到,2.0
这么多流动资金，去干嘛？买下美,2.0
今天变盘时间点，拉不上去，下周要埋人了,1.0
想问下兄弟们，是因为什么还坚守,1.0
天道轮回苍天饶过谁,2.0
希望下午能涨停,1.0
涨时每次都是冲高回落这个剧本，,2.0
收盘想涨一个点都太难了，每天拉,2.0
涨停这垃圾一次没有冲高回落次次有,2.0
一地鸡毛,2.0
发现这个股就喜欢拉高跳水,2.0
万敏是个垃圾,2.0
哈哈哈，这尿性，今天随便跌哈，,2.0
又是一毛钱玩一天,2.0
吐血,2.0
涨你个比比，呆比,2.0
大盘也赶紧跳水,2.0
中远海控的怪现象：大盘跌，跟着跌；大盘涨，不跟涨。,2.0
海控全部是散户，涨难跌易 的走势不改，如果大股东不,2.0
好像不按套路出牌，14.4买入，看好前景，业绩优势。个,1.0
上午11点，准时绿色,2.0
每次都是冲高回落！大资金做t！,2.0
外资买进，国内走狗做空！,2.0
恶心,2.0
酷，又是中远做T的一天，爽死了,1.0
真的还会有人被诱高进来么,2.0
最后高点跑路机会,2.0
赶紧跳水,2.0
加点油拉个板看看,1.0
诱多，真有你的,2.0
和昨天一样的，拉高出货，下午绿油油，,2.0
汇率降，关税取消，利好出口，利好运输。,1.0
汽车股都疯了，你还在这磨磨唧唧的，,2.0
你看看，好多人都对你失去信心了,2.0
今天来一根放量大阳线[赞][赞],1.0
又回来了,1.0
高开低走，不一定是坏事，高开高走回落，才可能是怀起,2.0
诱多翻红陷阱不要相信,2.0
快跑，下午又绿,2.0
高开低走，继续下跌,2.0
中远航运看涨,1.0
今天开启主升浪[火箭][火箭][火,1.0
今天肯定红，但大红还是小红不能确定,1.0
继续下跌趋势，今天13.6,2.0
今天有新韭菜进来，兄弟们注意高抛，套住新韭菜，然后,2.0
今天破14第一天活埋巴菲蛋[大笑],2.0
今天起码可以喝点汤了，能不能给力点，让吃点肉啊,1.0
今天有多少进多少,1.0
一群拖鼓吹价值，长线的时候，这股就完了，因为托不想,2.0
温水煮青蛙，慢慢煮，轻轻呱本周4连跌，今天可能会涨,2.0
目前大盘僵持在突破点不上不下，昨天赶走短线资金，从,2.0
可靠消息：今天海控涨幅超过2%以上，不要问为什么，答,1.0
这只好股还不飞！[微笑][微笑][,1.0
还好清仓了，co,2.0
这股除了到顶的业绩还可以看一眼，其他都不值得炒了，,2.0
中远海控一个月跌了8.5%,2.0
坐等巴菲蛋亏钱[怒],2.0
这票最坚实的底部是7.5左右！,1.0
巴菲蛋明天进场了！,1.0
接着奏乐，接着舞，新攻势已开始！！！（火箭发射）,1.0
哪有什么垃圾股，一切等公司回购,1.0
难道它想去到13.12左右再拉个板？,1.0
这垃圾会不会再回到4块,2.0
别玩这票,2.0
买入中远海控,1.0
巴菲蛋来了，明天情况不妙啊。,2.0
我去，人民币贬值，不是大利好海,2.0
再有四天，海狗就会练成绝世神功，九阴真经,2.0
公司好有钱,1.0
明天14以下陆续买入,1.0
要退市的走势,2.0
我无语了，！,2.0
究竟要跌到什么时候,2.0
芭菲蛋来了,1.0
人民币贬值利好出口，中远第二季,1.0
越是反复折磨你的时候，越是要保持清醒的头脑，黎明前,1.0
[想一下]好票？价值投资？还不割肉？你们觉得这个票可,2.0
连着跌几天了，人气还是这么高，,1.0
你大爷,2.0
此股业绩亮眼，持有逢低加仓做T,1.0
立贴为证，中远开始加仓小散一枚，中远今日开始建仓。,1.0
唯一的好消息是我自选里其他红的,2.0
，15.02的本解套没走就是这个下场？,2.0
明天大概率上涨了14守住了加油海狗,1.0
30分钟级别MA5与MA10金死叉做$中远海控 sh601919$ 051,2.0
刚卖了房子，钱没地方去，14满仓了，股息也有百分6点,1.0
不知道还要调整几天，这一波能不能砸到13.50以下,2.0
明天涨,1.0
最悲催的一个绩优股,2.0
加油，已经连续绿5天了，还有4天，就成功了。,2.0
又是下降通道了。,2.0
明天低开加仓，博一个反弹,1.0
15.2的本，拿在手里挺尴尬的，亏的不多，但是又不想丢,1.0
既然你们都不看好，为啥不走，被,2.0
今天不接了,2.0
谁让你涨的，你有资格涨嘛，,2.0
我就盼着今年年报20%分红,1.0
垃圾海狗,2.0
别执着了，错了就要认，这个票子不是散户能玩的，就像,2.0
稳如泰山，一点也不动,1.0
主力，14.65，拉到我筹码全给你[,1.0
买在遍地哀鸣时，卖在人声鼎沸时,1.0
明天中阳可期！加仓！[呲牙],1.0
加仓！然后躺平！[摊手],1.0
今年一季度比去年四季度弱多了，,2.0
咸鱼翻身的味道,1.0
一脚给你踢上去,1.0
日赚3亿就这表现？,2.0
这个垃圾玩意，14.3加仓居然加到,2.0
每天来看一眼，来骂万敏,2.0
不涨不跌，这货躺平了[大笑][大,2.0
15加仓的我瑟瑟发抖，要到10吗？,2.0
大洗盘，无底洞,2.0
步入13元时代是不可避免的，从二十几块到13块，这叫“,2.0
14块整了满仓，股息率超过百分6,1.0
哈哈哈，周五大概率失守13,2.0
垃圾资产，看空,2.0
16块卖了给我后悔够呛，现在看还是对了,2.0
真服了前两天不跟涨跟跌有一手,1.0
惊不惊喜，意不意外？,1.0
眼瞎了买了这只垃圾股，只能瞎到底了！,2.0
可惜了那么好的业绩没有会炒股票,2.0
人民币贬值对海控不是利好吗,1.0
中远海控，天天碌码。,2.0
往后14是今年大顶了,2.0
特大利好！美元升值利好收海外业务美元的中远海控！收,1.0
主力一直资金净流出，那也要有个尽头吧？跌个没完了这,2.0
弄过来，弄过去，弄的散户头晕。,2.0
兄弟你这个跌法有点让人受不了呀,2.0
罢免万绿！！！！！！,2.0
大盘升又跌，大盘跌又跌，无言,2.0
还装？呵呵！破13，今天可能吗？,2.0
什么老赖垃圾，大盘跌你跟跌，大盘涨你也跌。没有涨的,2.0
买了就没红过。,2.0
昨天大盘涨得时候，你也没涨啊，,2.0
min，死了吗？,2.0
下午决赛，水花压得者好夺冠,2.0
船翻了,2.0
中远海控，天天绿。,2.0
冲冲冲冲冲上去,1.0
港股跌超4%了,2.0
船老大方向错误,2.0
僵尸票,2.0
反弹结束，12元见了,2.0
下面会看到中远海控表演跳水,2.0
每天都是这点交易金额和换手率？！ZL玩的有劲吗？,2.0
是不是业绩太好了，所以你不涨,2.0
这个垃圾股买一次套一次，怎么老,2.0
破14,2.0
船的方向开反了[好困惑],2.0
为什么不涨1:一个散户都能算明白,2.0
你能不能不跪？,2.0
中远海控之殇,2.0
天天砸盘，恶意做空，和中央政策背道而驰，都不怕逮起,2.0
一季报业绩都没拉过这么黑的好得,2.0
这么大盘子，没有机构参与，再好,2.0
没有主力运作，说什么都白搭,2.0
下午火箭要升空,1.0
每天赚3.5亿，股票跌的像垃圾,2.0
垃圾股,2.0
再扬帆,1.0
再扬帆,1.0
再扬帆,1.0
不错该涨点了,1.0
哪个大哥跟我说看到30的，我16块进的都套的死死的，到,2.0
加油，练习九阴真经。,2.0
我靠这一天天的，砸得好狠,2.0
中远绿王,2.0
招商的进去了，万敏什么时候进去？,2.0
牛逼,1.0
严重超跌！全仓杀入！,1.0
散户买，外资卖，股价会好吗,2.0
现世活宝,2.0
价值投资？笑话！,2.0
别抱怨了，行动起来，星星之火可,1.0
垃圾中远,2.0
快卖快卖快卖，下午要破14了,2.0
无耻,2.0
堂堂央企，贻笑大方，还年赚近九百亿，真是丢人现眼，,2.0
雄起一次行不行，天天磨的我受不了了,1.0
一片吗声,2.0
平底裤都亏成丁字裤了吧,2.0
天天都是惊喜,1.0
那些狗托怎么不出来吠了,2.0
看业绩炒股就是一大笑话！价值投,2.0
这么好的业绩，庄家却恶意做空，让他们去折腾，坚决不,2.0
海狗,2.0
废物就是废物,2.0
这个垃圾有大雷吗，大A涨四天，,2.0
啥时候跌停吧,2.0
中远港股跌3%,2.0
从未见过如此不要脸的股票,2.0
牛逼,1.0
被老外 玩的团团转， 这就是中国资本家,2.0
波罗的海指数突破3000多了，中远创下新低。真不是人！,2.0
已经找不到任何侮辱你的词了。,2.0
垃圾海王,2.0
的垃圾股性,2.0
真是烂泥扶不上墙！,2.0
垃圾就是垃圾，烂泥总是扶不上墙,2.0
海狗一般极限是五连阴，请熬过今,2.0
卧槽！又绿了！,2.0
大盘天天红，这垃圾天天绿,2.0
港股跳水了,2.0
大盘4连阳它4连阴[韭菜],2.0
天天阴跌,2.0
这么买中远海控，脑子坏掉了。,2.0
五连阴,2.0
狗,2.0
丢人现眼的狗痹,2.0
茫然无措,2.0
恶心他m给恶心开门，恶心到家了,2.0
一起来看中远海控和他的50万废物,2.0
的恶心,2.0
外面行情这么好，我套死在中海远,2.0
外面行情这么好，我套死在中海远,2.0
准备好，我要一千块砸跌停了,2.0
沉船了？,2.0
可以反弹了吧，指数已经反弹100,1.0
中远未来千元一股,1.0
股价不翻倍坚决不卖，等股东大会时，对所有议案一律投,1.0
为什么？明明知道正弦波正走向波谷，你们还挣扎那一点,2.0
加仓加仓[火箭][火箭][火箭][火,1.0
看情形这货又要不行。,2.0
股价不翻倍坚决不卖，等着股东大会时给它全部议题一律,2.0
中远垃圾,2.0
这种垃圾，只会天天跌,2.0
大盘都带不动你了,2.0
又被骗进来了[哭],2.0
下来吧，不要坚持了,2.0
每日一骂,2.0
大盘本次反弹止步于20日均线。。仍处于弱势低迷状态。,2.0
恶庄控盘,2.0
改名叫中远绿控算了,2.0
超度海控的管理层,2.0
这货不行呀，优质股等于低价股，,2.0
垃圾一个,2.0
@中远海控，温水煮青蛙，煮了一年了，再不捞起来都糊,2.0
不上30天理难容,1.0
调整了这么久，就不信一次反弹没有，抄底进入,1.0
谁TM又在砸，狗R的,2.0
业绩难道是假的,2.0
@中远海控，这股近期很难有反转了......,2.0
常见套路拉高出货，海狗就是这个德行，配合资金收割,2.0
要跌停就快点，七八个跌停也无所谓，整天磨磨唧唧像个,2.0
成仙股了？过气网红不如狗啊。,2.0
你们吐了吗把我恶心到吐了,2.0
太恶心人了。。。感觉像踩到了[惨!关灯吃面],2.0
中远海控，渣子中的渣子，整个板块都被他带偏了,2.0
实在没办法，买了这垃圾,2.0
天天都是低开低走高开低走，平开,2.0
天天高开低走,2.0
今天不错继续发力,1.0
昨天跑的都是赚，等底平仓。,2.0
哈哈，套几百股，补补吧,1.0
耐心等待，爆发就在这几天,1.0
拉高出货而已，散户好的,2.0
资金已准备好，下来继续买,1.0
一万手压的这么明目张胆？,2.0
今天有涨停的节奏,1.0
佩服你们，一边喊着跑一边慢慢建,1.0
争气啊，别下来了,1.0
万幸昨天走了你，今天早晨跌停刀,2.0
今天放量负7,2.0
庄家的吃相太难看，过低的筹码也难得到，这是一个血淋,2.0
海控，你伤害了股民的心，亏损的,2.0
哎，韭菜还在做梦了，好好站岗吧,2.0
没有下跌空间,1.0
这个票已经被各种股神坑了，有个,2.0
今天多跌一点……,2.0
【2022.05.12】上海港4月集装箱吞吐量已恢复到去年八,1.0
受涨价特大利好消息刺激。今天中远海控涨停了,1.0
极端压制太低，反弹力度必爆?,1.0
特大利好！国际海运指数昨晚又创新高！今天轮到A股国,1.0
今天最少跌5个点！,2.0
今天能稳住13.8都算你厉害的了,1.0
一年多的老船员了高点赚了四十一,1.0
真希望你有一日可以乘风破浪直上,1.0
按这个走势不会定向增发吧？按常理不可能啊，不差钱的,1.0
明天还有一点小利好,1.0
庄家在吸收筹码，切记切记不要抛了,1.0
这个股卖了就是瞎,1.0
波罗的海指数涨中运海控就必须涨,1.0
中远海控上海港，宁波港一箱难求,1.0
近几年航运业特景气，难说一两年,1.0
比茅台还挣钱的黄金奶牛＝中远海,1.0
中运海控比茅台还挣钱的上市公司,1.0
大家一定要坚持等到高分红,1.0
李大肖说了买好股得好报，我们大,1.0
锁死仓就是对庄对有力的打击,1.0
有二十倍上涨空间,1.0
中运海控股价必上200元一股,1.0
中运海控A股市盈率最底的股，有,1.0
买好股，有好报！嗯,1.0
明天海运逆势上涨！,1.0
还是那句话，每天买点只买不卖，,1.0
今天不涨明天该涨了吧,1.0
惊不惊喜，意不意外？,1.0
跌吧跌了好补仓[鼓掌],1.0
跟着做套就行了！！！！,1.0
投资是正理,1.0
牛逼,1.0
黎明前的黑暗,1.0
跟银行股一样了。稳盘的,1.0
冲冲冲冲冲,1.0
海控太稳了,1.0
为啥就是没人信呢北向目前就是求稳来来回回做T中远海,1.0
加油，突破今天最高点。,1.0
加油，突破今天最高点。,1.0
都开始骂了，很好很好，我入场了,1.0
看下股东，厉害了……他们想拉上,1.0
收盘时来一波涨停,1.0
今天加仓，怒买500股,1.0
加油涨,1.0
等待今天变盘！,1.0
分红分红,1.0
全仓杀入,1.0
越掉越买。你多掉点,1.0
今日大盘不差 今日补涨 涨停,1.0
资金搏弈红线向上,1.0
股吧发着特大利好，股价蹭蹭下跌,1.0
运价指数上涨！海控跌！,2.0
看到这股票信息，个人认为股价远低于目前价值；该公司,1.0
特大利好：美国准备采消部分中国商品加征的关税！,1.0
利好出口，今天1919收复15元。今天下午发力,1.0
特大利好中远海控,1.0
业绩好，成长块，股价低，分红更加大方！主力稳健，步,1.0
波罗的海海运指数昨晚又创新高了。今天轮到A股海运龙,1.0
好久都没有听到要坚守时间的玫瑰，这句超经典的话了，,1.0
明天涨停,1.0
今天会红盘，见好就收吧，别被北向资金耍着玩了,1.0
我本将心向明月，奈何明月照沟渠。,1.0
中远海控之抹不去的伤,1.0
明天肯定涨,1.0
日赚三个亿！今年它比“一哥”还能挣,1.0
周期之花能否花开二茬,1.0
今天抄底真爽，希望明天主力再来,1.0
明补涨可好！,1.0
5.10 大A终于走出独立行情！,1.0
5.10大A终于走出独立行情！,1.0
今天早上加仓了,1.0
今天早上加仓了,1.0
业绩好，增长快，股价低，分红令人羡慕嫉妒！逢低买入,1.0
来个涨停提提士气,1.0
今日目标一定要补缺,1.0
业绩好，增长快，股价低，分红令人羡慕嫉妒！逢低买入,1.0
大垃圾,2.0
超垃圾,2.0
垃圾,2.0
这是什么勾八玩意?,2.0
下午红,1.0
大家一起买，打爆空狗头,1.0
死气沉沉，交易清淡，,2.0
给点力，大盘都红了！,1.0
老赖股，业绩是怎么算的，应该好好查一查,2.0
14买一点[抄底][抄底][抄底][抄,1.0
14买一点[抄底][抄底][抄底][抄,1.0
回踩成功，可以反一波了。,1.0
长期投资，每一万元年赚五千不香吗，有分红就加仓，以,1.0
明明业绩这么好，怎么价格上不去,1.0
继续砸，越砸越补，老子不卖了，,1.0
大盘都红了  你有什么理由下跌,1.0
这股太脏了，业绩这么好却天天跌,2.0
今天千万别留这个缺口，那就完蛋了,2.0
涨，海狗苦；跌，海狗苦。,2.0
大单化小单大举扫货，行情翻倍可期！,1.0
大盘暴力发射了  海控 今日涨停,1.0
中远海控这货哪天不垫底就是奇迹,2.0
省子不卖我不卖！！！,1.0
不超过十五就可以买，超过十五就危险,1.0
最后一砸，即将启动，我就敢这样说,1.0
这就是股市的价值投资吗？,1.0
可以加速下跌趋势了，哈哈哈,2.0
衰股,2.0
太过分了中远海控,2.0
牛逼,1.0
今天低开就抄底,1.0
特大利好！波罗的海指数创新高了！今天中远海控涨停了,1.0
大涨,1.0
今天大涨,1.0
下跌趋势改变不了的，好好站岗吧,2.0
这下可好了，外围又暴跌了，海控,2.0
我靠这跌幅也太，…………夸张了。,2.0
明天可以抢筹码啰[大笑],1.0
缩量回调两天，仅仅是为了补一下缺口，就这简单。,1.0
热度到500才有希望,1.0
今天极致缩量，变盘在即了，估计明天一根大阴线直接砸,1.0
既然跌不动了，市盈率也低，我就不割肉了,1.0
要涨吗？,1.0
明天必涨3个点以上,1.0
中远海控具备长期投资价值，最近清仓的大资金应该会喜,1.0
反弹到顶了吗？？,2.0
只能等分红了！[怒],2.0
加油[呲牙][奸笑][鼓掌][俏皮][得意],1.0
今天超级缩量，有蹊跷[旺柴],1.0
这就是价值投资的真实写照，耻辱啊,2.0
这股都没大资金炒了，为什么大家,2.0
业绩这么好，不知道为什么不涨呢,1.0
钉子裤真不是人，自己是最大的空头还好意思说别人,2.0
中远海控，是真牛逼，真是浪费行情，股性都玩坏了,2.0
极度缩量，地价，反向蓄势待发,1.0
这行情你也能绿，翻船了？,2.0
就给我们散户赚点 拉1-2个点怎么样,1.0
海特都捅破天了，你还在地狱趴着,2.0
起飞,1.0
恶庄真萎琐，拉升股价这种事是不会做的,2.0
下午拉涨停[大笑],1.0
中远明天大涨,1.0
还是众望所归，一点人气都没了，,2.0
 跌停算了,2.0
还没濒临破产的中公抗跌,2.0
涨停理由找到了，海关总署：今年,1.0
别指望今天有大涨大跌，在等港股。,1.0
没有北向，这股变死股啊，国内基金都这么搓么？,2.0
知道了，不涨是因为我们没割肉,2.0
这么异常垃圾的表现，能不能举报,2.0
买入[滴汗][加油][大笑][鼓掌],1.0
悲哀呀,2.0
衰股,2.0
亏40%，想割了,2.0
今年目标价23+,1.0
早上快点下午涨板,1.0
没有沪股通A股迷失了方向,2.0
不信这股不涨,1.0
满！调整心态，不忘初心方得始终。[主力][看多][看多],1.0
厉害了，继续横盘出货,2.0
跌跌不休！烂股,2.0
再跌一分钱，缺口就补上了,1.0
海控，顶住,1.0
韩军:2022年一季报综述：航运盈,1.0
历史亏损弥补完毕，意味着现在的利润是真的赚钱了！,1.0
大涨,1.0
周一要涨，因为超跌反弹,1.0
股市就是圈钱，坑蒙拐骗偷之地。,2.0
加油[呲牙][奸笑][鼓掌][俏皮][得意],1.0
等马士基创新高了，这垃圾还在底部,2.0
这股还是值得投资的，主要是现金储备非常充裕，拿500,1.0
运价已经连续上涨了三个月，而且本周内又出现较大的上,1.0
本人预测8月中旬是最大的低，股价会到8-9元附近，留好,1.0
稳了，基本确定底部区域,1.0
10年位置不错，挂颗十字，就建个仓,1.0
运价连续十五周下跌,2.0
安全标的，机构一定会来抱团,1.0
如果敢跌到十二元再加一万股，跌到十块再加一万，再跌,1.0
警告各位投资者：不要赌远洋明年净利断崖式下降，至少,1.0
这个应该算利好吧,1.0
是一只好股没错，也热炒过，乐观,1.0
这特么全绿啊,2.0
底背离，不管它了，买！,1.0
不管涨跌，我都没有感觉了，毕竟被套太深,2.0
下跌趋势改变不了的,2.0
美元汇率直线拉升，这家伙赚美元,1.0
21在此！挺住！年底目标30！,1.0
昨天下午尾盘清仓，十个点够了，,1.0
海控阶段性行情正式开启！,1.0
大利好；超级利好修改分配增加送股方案！第一季度业绩,1.0
阶段性高点已出，研报配合机构作掩护，散户来接盘，向,2.0
技术性回调，补一下缺口。以免技术派专家老惦记着缺口,1.0
丅鬼占粧，价值投资艰难！,2.0
利好利空都是绿,2.0
愿你翻船，愿你早日翻船！！,2.0
跌停我买一万手,1.0
A股耻辱中远海控业绩利润第一领跌第一,2.0
研报一出，明天补缺！[赞],1.0
垃圾研报一堆，股价跌跌不休！,2.0
来来来，赶紧五个跌停走起,2.0
这股坏就坏在庄家上，涨－点咂一点！,2.0
看看中远海能再看看你，你就是一个扶不起来的阿斗，,2.0
股价如同泥牛入海,2.0
赶紧跌停，垃圾货。,2.0
任何利好都起不来了，真的，绝望,2.0
砸下来，这样下周北向才可以抄底，你们内资真厉害,1.0
这是空跌吗。这点交易量。把股价,2.0
只要一有证券公司推荐，保准跌。,2.0
美元大涨 照理 中远美元对接 应该 大涨啊,1.0
回购是利好，看好未来业绩。,1.0
中集都红盘了！快醒醒！,1.0
属实翘楚，永远跑不过板块，外围,2.0
涨四天调一天，正常！,1.0
中远海控，2倍市盈率，又有高分,1.0
这股有机会，业绩特养眼,1.0
哎这就很舒服，每天t一下,1.0
维稳股价，逆回购！,1.0
稀烂的垃圾股，已经无力吐槽！,2.0
今天奔涨停了,1.0
明天涨停了,1.0
明天涨停,1.0
又画回购大饼授权，主要是为高管股权激励股票拉高减持,2.0
价值回归之路漫漫其修远兮，年底,1.0
这个月美元升值百分之5。海运美金结算。你这业绩不是,1.0
估计中远要开启买买买模式了,1.0
中远海控会补缺口,1.0
加油吧,1.0
强于大盘，好好向上！,1.0
毫不犹豫，重仓远洋。,1.0
只有700股，今天14.91出了！明天低开可以接回来！,1.0
虽然涨不多，但主力资金进来了,1.0
t了两毛钱，还行,1.0
中远海控今天收盘守15元以上，后面继续看涨了？[赞][,1.0
明天跌停，回到梦开始时！,2.0
这么大的利好都不涨真垃圾,2.0
明天跌停才是你渣男本男[旺柴],2.0
下来吧！明天补缺口买回来,1.0
尾盘拉升,1.0
下来了，快跑,2.0
温和放量，站上20日线，继续向前,1.0
高位发套，，撤！,1.0
干爆空头,1.0
今天尾盘不跑的，明天全部闷杀，,2.0
干爆头,1.0
按照海控尿性明天要跌,2.0
这股票太好了，仅次于茅台！,2.0
特么的赶紧下来，又特么t飞了,2.0
欠点量[微笑],1.0
中远海控：万物皆周期，低估永不败，3个财务指标说明,1.0
这个价位我只管买入,1.0
中远茅必大涨，不接受反驳！,1.0
省大赚麻了,1.0
解放了小赚留下的发财[微笑][微,1.0
中远海特涨停了，中远海控也可能会涨停，因为这二股是,1.0
远洋是全市场唯一家手握的现金超过股价将要覆盖所有负,1.0
为了机构大资金低价位建仓抢筹，吧里的唱多火热贴全部,1.0
今天没管住手，又追高了…唉,2.0
远洋现价总市值2170亿元，是全市场唯一家手握的现金超,1.0
业绩太优秀，股价太拉稀！,2.0
【中远海控】真是太优秀了！！！,1.0
猜一猜，下午会不会涨停？,1.0
忠有海控应该是无风险的好股，经得起大风大浪考验，因,1.0
快跑快跑快跑,2.0
站上布林线中轨就好，压力位变支撑线。,1.0
从基本面和盘面来看，中远茅后市要大涨，大家珍惜！,1.0
放心，下午跌回来！,2.0
高开，跳空缺口,1.0
航运价格下跌厉害，股价后续应该大跌,2.0
利好出货而已。,2.0
拉高出货而已，哈哈哈，主力都在拆单走,2.0
垃圾15都上不去,2.0
给点力啊,1.0
不能有执念,2.0
价值投资最大的笑话，没有之一！,2.0
注意了，去年业绩这么好股价创新,1.0
反正我在海控里面赚了30个点了！[大笑][大笑][大笑],1.0
今日立夏，开启大涨,1.0
重视价值投资等于买股加了保险！,1.0
只相信中远系,1.0
美股海运板块涨幅第一！牛逼！如,1.0
价值投资需慧眼识珠！,1.0
高位利好是利空，相对低位利好应是真利好。,1.0
明天见红就走，这就是一坨,2.0
明天开始数板板！！！,1.0
中远海特(600428):业绩超预期涨停！！明天连板！,1.0
已全仓杀入中远，等待节后主力派,1.0
一季报点评：淡季不淡，有望全年维持高景气,1.0
中远海控——极华金玉抱素锦  孤山冷雨罩寒,1.0
吧里好热闹，机构打架，小散在一旁瑟瑟发抖,2.0
港股中远海控今天上午大涨3%以上。,1.0
今年50见！价值投资五月开始！如,1.0
上涨空间巨大的股票才是真正的好,1.0
已挂涨停买不知道能不能进去,1.0
已挂涨停买不知道能不能进去,1.0
大涨,1.0
开盘日来根大阳线放我出去,2.0
期待半年报能得到双丰收,1.0
星期四必涨5个点，不涨股友们可要生气了。,1.0
今年必上50,1.0
已改名：中远海泄已生效！,2.0
说声再见，后会有期。。。。,2.0
人气好高啊,1.0
人气怎么飙升到几十了？？,1.0
中远海控的价值发现！,1.0
大涨,1.0
这业绩杠杠滴，挺好，值得拥有,1.0
中远海控的管理层，令人汗颜！呼,2.0
是不是国字号的票真的不能玩?,2.0
如果没有机构参与，在大的利好都白费！,2.0
机构在做空！从长远看机构的观点是对的！,2.0
业绩是好，但是公司质地和九安比差太多了,2.0
几十亿的烂庄！,2.0
今年会上30,1.0
现在没有理由唱空了，都是利好了,1.0
分红方案很好，多了税多，大部分都是不满一年的,1.0
坚决打击中远海控做空者......,1.0
股价不上100天理难容啊,1.0
告诉大家一个喜讯，抖音没有一个宣传海运的，好事儿，,1.0
业绩好在中国有毛用，照样跌,2.0
马上涨到10000元每股,1.0
是不是非常吉利！！！！,1.0
报了一下业绩，新韭菜们就开始痒,2.0
北向抄底了,1.0
机构都跑光了，不过开盘肯定是涨的,1.0
大涨,1.0
可惜！今天没上仓位一点点底仓,1.0
上次发业绩把多少人套进去！机构在做空！看月线图！是,2.0
重大利好，完犊子，节后开盘一字跌停[韭菜][韭菜],2.0
这是我真正赚到钱的股，依旧看好，没发力而已就这样，,1.0
早点翻船吧，这票完全没有前途，,2.0
中远海控一季度净利同比增长78.73%,1.0
中远海控：一季度净利润276.17亿元 同比增长78.73%,1.0
【图解季报】中远海控：2022年一季度归母净利润同比大,1.0
大股东好样的！领惠投资是中运海,1.0
星期四会不会跌停[哭][哭][哭],2.0
可以涨停了吗,1.0
中远海控一季度净利润增长79% 数字化战略体现抗风险优,1.0
赚钱不分红的都是流氓,2.0
中远海控该价值重估了！,1.0
中远海控该价值重估了！,1.0
这个业绩有点不达预期喔，算是暴,2.0
利好出尽，要走了,2.0
业绩好，主力增加，散户减少，数据都可以啊，就是股价,1.0
中远海控发布一季报 归属上市公司股东净利润超276亿元,1.0
第一季度，营业额1055亿[发呆],1.0
业绩增速下滑，节后开盘跌停,2.0
每天赚三亿多[赞][赞],1.0
我还以为能来个回购的意外惊喜呢,1.0
中远海控：一季度净利同比增长78.73%,1.0
想不明白我20元买了中远海控之后就不涨了,2.0
一季报靓丽，二三季度股价会有不错表现。,1.0
海狗反转了么?可以加仓追么,1.0
五月五日值得期待！不排除一字涨,1.0
这股庄也是无能，不会涨的垃圾股。,2.0
高升了！！,1.0
我大控注定要超越海油，支持你[买入][买入][买入],1.0
套的散户太多，主力费了九牛二虎之力才站上十日线。,2.0
道阻且长，慢慢熬吧……,2.0
五一过后看业绩带来利好吧,1.0
好！强于大盘！,1.0
恭喜！今天跑赢了上证指数,1.0
果断入手,1.0
今年海狗跌幅远超大盘,2.0
这股全是散户，主力已放弃[空仓],2.0
我的要求并不高、跑赢大盘就好！,1.0
这轮反弹力度最小的股吧[大笑][,2.0
真就没有资金看得上吗，都是小单,2.0
跑不过指数！,2.0
16加油,1.0
我又回来了，长期看好，,1.0
现在不丢，节后会很惨。,2.0
全A最赚钱的还涨不赢板块！,2.0
涨停啊,1.0
海狗连大盘都涨不过了？,2.0
听说巴菲蛋来抄底了[微笑],1.0
真觉得海控还可笑！怒其不争啊！,2.0
不敢卖，怕一卖了就涨起来了,1.0
起飞了赶快上车,1.0
弱势股，单边下跌,2.0
所谓的价值就是笑话，所谓的海狗,2.0
海狗业绩利润超级好看！今天加仓,1.0
拉高出货而已，散户好天真,2.0
这货总是那么的垃圾，跑输板块及大盘,2.0
别卖，肯定涨,1.0
火箭发射,1.0
估值要修复，太低了。,1.0
给中远海控一点时间会给你惊喜！,1.0
大盘跌垃圾也跌，大盘涨垃圾也跌,2.0
回本了，终于回本了！14.45割了海控，出去2.4抄底太平,1.0
20倍大牛股，还有最后一波暴力拉升！！！,1.0
下午能拉说明业绩不错。。如果砸,1.0
不求涨停，只要你涨5个点就这么,1.0
要求严查上市公司财务报表是否造,2.0
要么就下来，要么就火箭吧,1.0
今晚公告1季度可能翻脸。10元见,2.0
长假回来，直接低开五个点，不解,2.0
感觉会跳水……,2.0
内斗的股是股民的灾难,2.0
人家海特天上飞，你在地里爬,2.0
周期股[大笑][大笑],1.0
买了这个垃圾，会被逼疯。,2.0
拿住别抛坚持不一定胜利，但不坚持啥也没有,2.0
調整差不多了應該漲了,1.0
难道一季报是亏损276亿,2.0
一季报肯定很好看！,1.0
人民币持续贬值，海运多以美元结,1.0
优秀,1.0
6个点的股息挺诱人,1.0
中远海控的价值有待重估！,1.0
海运业集中度提升，未来航运业前景看好,1.0
明天要是大阳过15，确认反弹趋势,1.0
明天收复十日线,1.0
预祝一季报暴涨开始[鼓掌][鼓掌],1.0
今天V是再次确认底部？还是14站不稳,1.0
都是散户在护盘，主力在砸盘，就这样还要收割散户,2.0
深不见底啊！看他怎样继续跌,2.0
大A勇敢一点，直接对拉！,1.0
低吸[滴汗][鼓掌][大笑][发呆],1.0
一只穿云箭千军万马来相见，万手,1.0
赶紧拉起来！我不允许这样萎靡不振，绩优股就该有个绩,1.0
一季预告后，拉个涨停，大资金迅速跑了，17砸到13，目,1.0
神仙股,1.0
主力拉升，没有悬念,1.0
强势涨停！,1.0
目前最处于跌深反弹的阶段，但重要的是我们自己对待持,1.0
你倒是不错,1.0
中海远控高业绩高分红,1.0
中海远控高业绩高分红,1.0
大盘持续上涨，海控跟着涨,1.0
中远海控，盈利那么牛，为什么就是涨不起来？有大佬可,2.0
做t一时爽，天天做t天天爽,1.0
中远海控看涨,1.0
今天海哥真有胀肚的可能，拭目以待！,1.0
中字头强势回归[赞][赞][赞],1.0
主力在试盘了，早上明显有异动,1.0
马上一季报业绩也行是要雄起了吗？,1.0
昨日洗盘 今日必定王者归来 涨停,1.0
大涨,1.0
航运板块稳涨了[大笑][大笑][大,1.0
希望之星啊,1.0
人生如棋，不能只看一时的得失，,1.0
海控今天涨停！,1.0
我的想法是，中远海控12以内放心建仓，仅供参考！,1.0
我一直在忍耐，一个字：等,1.0
保畅，保供,1.0
海控从前两天我就看好了，因为海控很多业务都是以美元,1.0
中远海控～价值重估倒计时！,1.0
若无乱市，何来阴熊,2.0
明天涨五个点就跑,1.0
被低估的好公司,1.0
波罗的海指数大涨7.4%[牛][牛][,1.0
坐稳扶好，他日必有补涨行情，别,1.0
10年一遇的行情，请一定逮住！！！,1.0
今天回了点血[哭],1.0
每次你盘尾拉升，第二天就没好事,2.0
明天低开低走，今天诱多,2.0
一只指数都跑不赢的股，还有什么,2.0
涨得好啊,1.0
大哥发点力,1.0
看来我的16解套日是真的遥遥无期,2.0
上涨拖后腿，下跌做先锋，垃圾本,2.0
海茅加油,1.0
反弹啊 下午涨停不,1.0
几块钱涨起的。涨得太多了，你还想如何？,1.0
今天收红，耐心等待,1.0
今天又是一地鸡毛,2.0
什么狗，一个涨停结束一切？垃圾,2.0
说业绩暴增，结果一个涨停后就这表现？！,2.0
16.2建仓一万股,1.0
去年51前清仓，今天又大仓进来了,1.0
因为涨停，一下冒出一大批乐观派,1.0
下周继续加速 暴涨10cm,1.0
中集集团集装箱产销量创历史新高，集装箱航运市场延续,1.0
55万股民狂欢！日赚3亿，2700亿海运巨头强势涨停,1.0
封板建了点仓，是福是祸听天由命吧,1.0
"这一波只要动了,剑指70元.....这是近期目标",1.0
喜悦并痛苦着,1.0
"本人持有它整整一年了,而且多个帐号都买了它..所以昨",1.0
2022年利润最少1000个亿，也能不错,1.0
风格轮换，业绩才是硬道锂！！！当大家都眼红觉得想追,1.0
价值投资永远不会过时！有点耐心,1.0
狗控也有涨停的时候[大笑][大笑][大笑][大笑],1.0
一个特级利好即将落地 A股4月大反攻？,1.0
一片欢声笑语,1.0
说得好，顶起来！,1.0
大家好，我是大舅哥，刚刚得到消息，下周海控拉升，今,1.0
大家好，我是大舅哥，刚刚得到消息，下周海控拉升，今,1.0
大家好，我是大舅哥，刚刚得到消息，下周海控拉升，今,1.0
抄底了抄底了,1.0
中远海控：集运价格持续上涨，高景气有望跨越 供给端,1.0
到14.4再补,1.0
抄底上上上[买入][买入][买入][买入][买入][买入][买,1.0
加仓,1.0
赶紧拉升，我要解放,1.0
暴打空头，这就是底啦,1.0
今天已经全仓了，要跌就跌卧倒不动,1.0
[抄底][抄底][抄底][抄底][抄底],1.0
强势啊,1.0
拉了，拉了，15.2抄底成功！！！！,1.0
今天港股要是红了，可就有意思了,1.0
俺胡汉三又回来了。,1.0
缺口以补。静等拉升。不怕别的，,1.0
把海控拉涨停！打爆空头！！！！,1.0
今天大快人心，给唱多的上了一课,1.0
业绩好有什么用？还不是跌成条狗,2.0
内裤都跌出来了,2.0
牛逼了，,1.0
要跌停的节凑吗？,1.0
主力加油啊！呼叫万手哥冲啊！[,1.0
让子弹飞吧,1.0
